"Date","Ring","leaf_flux","Start_date","End_date","Days","herbivory_leaf_consumption_flux","total_flux"
2012-10-09,"1",627.993936331481,2012-09-14,2012-10-09,26,146.55989514045,774.553831471931
2012-10-09,"2",855.987872662961,2012-09-14,2012-10-09,26,113.110494834196,969.098367497158
2012-10-09,"3",940.070742799394,2012-09-14,2012-10-09,26,115.322744993031,1055.39348779242
2012-10-09,"4",636.280949974735,2012-09-14,2012-10-09,26,103.46750659845,739.748456573185
2012-10-09,"5",853.966649823143,2012-09-14,2012-10-09,26,201.469437752324,1055.43608757547
2012-10-09,"6",956.846892369884,2012-09-14,2012-10-09,26,138.720721445743,1095.56761381563
2012-11-13,"1",631.375109646964,2012-10-09,2012-11-13,36,146.55989514045,777.935004787414
2012-11-13,"2",674.487420950281,2012-10-09,2012-11-13,36,113.110494834196,787.597915784477
2012-11-13,"3",915.161140022181,2012-10-09,2012-11-13,36,115.322744993031,1030.48388501521
2012-11-13,"4",762.060072317778,2012-10-09,2012-11-13,36,103.46750659845,865.527578916228
2012-11-13,"5",908.549510115958,2012-10-09,2012-11-13,36,201.469437752324,1110.01894786828
2012-11-13,"6",697.86601305045,2012-10-09,2012-11-13,36,138.720721445743,836.586734496193
2012-12-11,"1",625.315816068722,2012-11-13,2012-12-11,29,146.55989514045,771.875711209172
2012-12-11,"2",760.214393994081,2012-11-13,2012-12-11,29,113.110494834196,873.324888828277
2012-12-11,"3",624.639067350033,2012-11-13,2012-12-11,29,115.322744993031,739.961812343064
2012-12-11,"4",496.733559517794,2012-11-13,2012-12-11,29,103.46750659845,600.201066116244
2012-12-11,"5",1008.35559084675,2012-11-13,2012-12-11,29,201.469437752324,1209.82502859907
2012-12-11,"6",956.020356601458,2012-11-13,2012-12-11,29,138.720721445743,1094.7410780472
2013-01-08,"1",267.202952429077,2012-12-11,2013-01-08,29,110.965835463121,378.168787892198
2013-01-08,"2",489.289323612214,2012-12-11,2013-01-08,29,91.4931113765991,580.782434988813
2013-01-08,"3",597.343535696239,2012-12-11,2013-01-08,29,95.6620579033951,693.005593599634
2013-01-08,"4",355.518660218003,2012-12-11,2013-01-08,29,73.7137642436226,429.232424461626
2013-01-08,"5",694.908142640583,2012-12-11,2013-01-08,29,141.291224038497,836.19936667908
2013-01-08,"6",653.288096441204,2012-12-11,2013-01-08,29,93.1124146181229,746.400511059327
2013-02-20,"1",189.709978025077,2013-01-08,2013-02-20,44,28.886829964805,218.596807989882
2013-02-20,"2",246.556870394961,2013-01-08,2013-02-20,44,65.748763726975,312.305634121936
2013-02-20,"3",152.105832167997,2013-01-08,2013-02-20,44,46.2534784840962,198.359310652093
2013-02-20,"4",172.009589057194,2013-01-08,2013-02-20,44,48.4159194207243,220.425508477918
2013-02-20,"5",271.528373503179,2013-01-08,2013-02-20,44,99.4646800397442,370.993053542923
2013-02-20,"6",318.01943664289,2013-01-08,2013-02-20,44,48.4082884043625,366.427725047252
2013-03-14,"1",430.775669785271,2013-02-20,2013-03-14,23,172.551383287366,603.327053072636
2013-03-14,"2",519.567836015537,2013-02-20,2013-03-14,23,163.979793947958,683.547629963495
2013-03-14,"3",475.1111417357,2013-02-20,2013-03-14,23,84.8565828070638,559.967724542764
2013-03-14,"4",472.310267914108,2013-02-20,2013-03-14,23,89.1810483720275,561.491316286136
2013-03-14,"5",313.215530749639,2013-02-20,2013-03-14,23,145.412546978854,458.628077728493
2013-03-14,"6",261.583750593351,2013-02-20,2013-03-14,23,49.8532275137735,311.436978107125
2013-04-09,"1",446.290753769278,2013-03-14,2013-04-09,27,163.639244508076,609.929998277354
2013-04-09,"2",524.819364005822,2013-03-14,2013-04-09,27,148.273564473619,673.092928479441
2013-04-09,"3",183.537183158204,2013-03-14,2013-04-09,27,92.0126191699161,275.54980232812
2013-04-09,"4",223.321370112679,2013-03-14,2013-04-09,27,76.7908243196294,300.112194432308
2013-04-09,"5",366.170646488989,2013-03-14,2013-04-09,27,156.580023115805,522.750669604794
2013-04-09,"6",277.005782943125,2013-03-14,2013-04-09,27,51.2981666231844,328.303949566309
2013-05-13,"1",281.251341702253,2013-04-09,2013-05-13,35,154.727105728786,435.978447431039
2013-05-13,"2",180.467622454068,2013-04-09,2013-05-13,35,132.567334999281,313.034957453349
2013-05-13,"3",114.508714046508,2013-04-09,2013-05-13,35,99.1686555327684,213.677369579276
2013-05-13,"4",113.804423571686,2013-04-09,2013-05-13,35,64.4006002672313,178.205023838917
2013-05-13,"5",174.662386430065,2013-04-09,2013-05-13,35,167.747499252755,342.40988568282
2013-05-13,"6",135.784396291783,2013-04-09,2013-05-13,35,52.7431057325953,188.527502024378
2013-06-14,"1",193.053976475212,2013-05-13,2013-06-14,33,41.6287539677659,234.682730442978
2013-06-14,"2",200.665143731402,2013-05-13,2013-06-14,33,39.5552157408844,240.220359472286
2013-06-14,"3",101.999817528494,2013-05-13,2013-06-14,33,37.9256326737913,139.925450202285
2013-06-14,"4",103.298172477682,2013-05-13,2013-06-14,33,25.8635741109148,129.161746588597
2013-06-14,"5",132.82697490315,2013-05-13,2013-06-14,33,54.0530579201312,186.880032823281
2013-06-14,"6",167.164954241761,2013-05-13,2013-06-14,33,54.1880448420062,221.352999083767
2013-07-08,"1",170.011977616829,2013-06-14,2013-07-08,25,50.2588679146652,220.270845531494
2013-07-08,"2",189.907220257144,2013-06-14,2013-07-08,25,51.3996409541183,241.306861211263
2013-07-08,"3",99.3288323695095,2013-06-14,2013-07-08,25,40.8935695448208,140.22240191433
2013-07-08,"4",107.679243164337,2013-06-14,2013-07-08,25,34.1166398041044,141.795882968441
2013-07-08,"5",127.87509591451,2013-06-14,2013-07-08,25,52.3441191435153,180.219215058025
2013-07-08,"6",199.060037804353,2013-06-14,2013-07-08,25,55.6329839514171,254.69302175577
2013-08-15,"1",389.923140342012,2013-07-08,2013-08-15,39,61.5725790321163,451.495719374128
2013-08-15,"2",404.076871478004,2013-07-08,2013-08-15,39,72.9174015749192,476.994273052924
2013-08-15,"3",253.071726815776,2013-07-08,2013-08-15,39,32.1962435799966,285.267970395773
2013-08-15,"4",298.828488604027,2013-07-08,2013-08-15,39,33.9655851035724,332.794073707599
2013-08-15,"5",304.949040953403,2013-07-08,2013-08-15,39,67.3246213801487,372.273662333551
2013-08-15,"6",321.56724555198,2013-07-08,2013-08-15,39,55.8658572948724,377.433102846852
2013-09-10,"1",557.151371451523,2013-08-15,2013-09-10,27,132.3593039931,689.510675444623
2013-09-10,"2",428.307053117563,2013-08-15,2013-09-10,27,138.773678521444,567.080731639008
2013-09-10,"3",334.138799272705,2013-08-15,2013-09-10,27,44.0660254916264,378.204824764332
2013-09-10,"4",333.706914050522,2013-08-15,2013-09-10,27,59.9838807161806,393.690794766703
2013-09-10,"5",490.346285571147,2013-08-15,2013-09-10,27,106.643877479295,596.990163050442
2013-09-10,"6",469.83821579577,2013-08-15,2013-09-10,27,102.953339877763,572.791555673533
2013-10-09,"1",528.835338099857,2013-09-10,2013-10-09,30,91.1825321131924,620.017870213049
2013-10-09,"2",616.205793010519,2013-09-10,2013-10-09,30,97.7717865003296,713.977579510848
2013-10-09,"3",505.696789469506,2013-09-10,2013-10-09,30,51.322830861218,557.019620330724
2013-10-09,"4",522.741661003758,2013-09-10,2013-10-09,30,61.4902638242227,584.231924827981
2013-10-09,"5",600.808489135927,2013-09-10,2013-10-09,30,103.185943055874,703.994432191801
2013-10-09,"6",591.364499660226,2013-09-10,2013-10-09,30,90.7521996943455,682.116699354571
2013-11-11,"1",274.15642018977,2013-10-09,2013-11-11,34,40.2286287801127,314.385048969883
2013-11-11,"2",506.215940778851,2013-10-09,2013-11-11,34,40.8448306026095,547.060771381461
2013-11-11,"3",590.150281661146,2013-10-09,2013-11-11,34,41.0441077026808,631.194389363827
2013-11-11,"4",437.10645277093,2013-10-09,2013-11-11,34,64.703645475046,501.810098245976
2013-11-11,"5",649.138343175736,2013-10-09,2013-11-11,34,68.2539673877651,717.392310563501
2013-11-11,"6",586.416633915371,2013-10-09,2013-11-11,34,34.8822466430449,621.298880558416
2013-12-12,"1",103.620270909061,2013-11-11,2013-12-12,32,41.5123127821307,145.132583691192
2013-12-12,"2",168.84817465104,2013-11-11,2013-12-12,32,46.5681224996817,215.416297150722
2013-12-12,"3",301.356899777412,2013-11-11,2013-12-12,32,32.4302076201544,333.787107397566
2013-12-12,"4",185.845644500227,2013-11-11,2013-12-12,32,39.2051859059721,225.050830406199
2013-12-12,"5",382.976449856106,2013-11-11,2013-12-12,32,74.9285350458357,457.904984901941
2013-12-12,"6",298.62571335945,2013-11-11,2013-12-12,32,45.2443491175917,343.870062477042
2014-01-14,"1",1220.71651328852,2013-12-12,2014-01-14,34,119.319162314439,1340.03567560296
2014-01-14,"2",1301.66325542778,2013-12-12,2014-01-14,34,127.081010134575,1428.74426556236
2014-01-14,"3",1400.28293717025,2013-12-12,2014-01-14,34,59.2451920092991,1459.52812917955
2014-01-14,"4",1087.03848319816,2013-12-12,2014-01-14,34,104.604778009451,1191.64326120761
2014-01-14,"5",1672.63846142067,2013-12-12,2014-01-14,34,131.075705155009,1803.71416657568
2014-01-14,"6",1558.64523626019,2013-12-12,2014-01-14,34,91.6286048143457,1650.27384107454
2014-02-26,"1",303.406047738985,2014-01-14,2014-02-26,44,65.5941662309014,369.000213969887
2014-02-26,"2",598.661919143252,2014-01-14,2014-02-26,44,85.7403307057597,684.402249849012
2014-02-26,"3",502.757637362853,2014-01-14,2014-02-26,44,71.7311639602295,574.488801323082
2014-02-26,"4",546.232861061821,2014-01-14,2014-02-26,44,63.9378766659534,610.170737727774
2014-02-26,"5",492.497450621709,2014-01-14,2014-02-26,44,79.401502110836,571.898952732545
2014-02-26,"6",710.132750469073,2014-01-14,2014-02-26,44,71.134874789568,781.267625258641
2014-03-13,"1",162.465143263526,2014-02-26,2014-03-13,16,148.2472710785,310.712414342027
2014-03-13,"2",352.001572062209,2014-02-26,2014-03-13,16,202.388446672234,554.390018734443
2014-03-13,"3",232.940317781146,2014-02-26,2014-03-13,16,171.364626322714,404.30494410386
2014-03-13,"4",148.97535231037,2014-02-26,2014-03-13,16,77.1259505869272,226.101302897297
2014-03-13,"5",179.804615125484,2014-02-26,2014-03-13,16,108.630970724391,288.435585849875
2014-03-13,"6",309.772986731046,2014-02-26,2014-03-13,16,103.218248461344,412.99123519239
2014-04-14,"1",203.746480906663,2014-03-13,2014-04-14,33,101.335652161946,305.082133068609
2014-04-14,"2",264.15546835523,2014-03-13,2014-04-14,33,46.8428844679096,310.998352823139
2014-04-14,"3",292.763469555331,2014-03-13,2014-04-14,33,45.9195269154921,338.682996470823
2014-04-14,"4",189.354432478525,2014-03-13,2014-04-14,33,31.64194514718,220.996377625704
2014-04-14,"5",306.166900896918,2014-03-13,2014-04-14,33,48.2050214506925,354.37192234761
2014-04-14,"6",451.682115336028,2014-03-13,2014-04-14,33,51.5129841144,503.195099450428
2014-05-07,"1",111.289463277457,2014-04-14,2014-05-07,24,54.4240332453912,165.713496522848
2014-05-07,"2",164.838137399214,2014-04-14,2014-05-07,24,53.2597493148252,218.097886714039
2014-05-07,"3",176.066085198937,2014-04-14,2014-05-07,24,43.9738012768402,220.039886475777
2014-05-07,"4",110.547982072632,2014-04-14,2014-05-07,24,28.1553173655713,138.703299438204
2014-05-07,"5",178.662642529165,2014-04-14,2014-05-07,24,45.5167107134354,224.1793532426
2014-05-07,"6",198.969615747962,2014-04-14,2014-05-07,24,51.7785085634514,250.748124311414
2014-06-12,"1",99.5048705855932,2014-05-07,2014-06-12,37,32.5218412631252,132.026711848718
2014-06-12,"2",146.964130312728,2014-05-07,2014-06-12,37,38.6686241599061,185.632754472634
2014-06-12,"3",212.264366122059,2014-05-07,2014-06-12,37,43.4616118449025,255.725977966962
2014-06-12,"4",200.039652461962,2014-05-07,2014-06-12,37,24.5752682141278,224.61492067609
2014-06-12,"5",130.1986833979,2014-05-07,2014-06-12,37,24.8746950482462,155.073378446146
2014-06-12,"6",301.993852113862,2014-05-07,2014-06-12,37,22.1021487214476,324.09600083531
2014-07-03,"1",202.128299525975,2014-06-12,2014-07-03,22,55.9596196287394,258.087919154715
2014-07-03,"2",278.593385307635,2014-06-12,2014-07-03,22,71.9927794439505,350.586164751585
2014-07-03,"3",420.331636949879,2014-06-12,2014-07-03,22,46.4485852347165,466.780222184595
2014-07-03,"4",346.639717028802,2014-06-12,2014-07-03,22,38.099785782763,384.739502811565
2014-07-03,"5",356.548822156452,2014-06-12,2014-07-03,22,70.1399389319396,426.688761088392
2014-07-03,"6",702.059120768065,2014-06-12,2014-07-03,22,69.5979728657196,771.657093633784
2014-08-14,"1",75.7883370629707,2014-07-03,2014-08-14,43,27.8134878077547,103.601824870725
2014-08-14,"2",121.462108087298,2014-07-03,2014-08-14,43,36.9806382440092,158.442746331307
2014-08-14,"3",201.262061166053,2014-07-03,2014-08-14,43,19.6765338951484,220.938595061201
2014-08-14,"4",157.072625664718,2014-07-03,2014-08-14,43,24.9603561283579,182.032981793075
2014-08-14,"5",188.594077095214,2014-07-03,2014-08-14,43,30.7365763924039,219.330653487618
2014-08-14,"6",157.205719579393,2014-07-03,2014-08-14,43,38.5844761509001,195.790195730293
2014-09-15,"1",105.423351440121,2014-08-14,2014-09-15,33,33.1127972011483,138.53614864127
2014-09-15,"2",104.92495420667,2014-08-14,2014-09-15,33,43.2158366851309,148.140790891801
2014-09-15,"3",143.517677804447,2014-08-14,2014-09-15,33,28.2449596409444,171.762637445391
2014-09-15,"4",104.28147896665,2014-08-14,2014-09-15,33,18.5711843685114,122.852663335161
2014-09-15,"5",145.181633716524,2014-08-14,2014-09-15,33,32.7166575160278,177.898291232551
2014-09-15,"6",141.499415740273,2014-08-14,2014-09-15,33,41.3319778463708,182.831393586644
2014-10-16,"1",297.336753655316,2014-09-15,2014-10-16,32,50.2058630391766,347.542616694493
2014-10-16,"2",679.758431270273,2014-09-15,2014-10-16,32,49.4510351262526,729.209466396526
2014-10-16,"3",642.733581639473,2014-09-15,2014-10-16,32,36.8133853867404,679.546967026213
2014-10-16,"4",505.494180834243,2014-09-15,2014-10-16,32,34.3106811693225,539.804862003566
2014-10-16,"5",534.755048982054,2014-09-15,2014-10-16,32,57.5548720017163,592.30992098377
2014-10-16,"6",2249.97962476976,2014-09-15,2014-10-16,32,37.2433474308814,2287.22297220064
2014-11-12,"1",344.188048584208,2014-10-16,2014-11-12,28,50.5047929479864,394.692841532195
2014-11-12,"2",384.172702262647,2014-10-16,2014-11-12,28,30.9975796533038,415.17028191595
2014-11-12,"3",448.710300750473,2014-10-16,2014-11-12,28,31.2071594026272,479.9174601531
2014-11-12,"4",346.576553815058,2014-10-16,2014-11-12,28,51.302757774122,397.87931158918
2014-11-12,"5",545.743534626809,2014-10-16,2014-11-12,28,57.3824698634659,603.126004490275
2014-11-12,"6",495.218310781727,2014-10-16,2014-11-12,28,29.4574305362102,524.675741317937
2014-12-16,"1",327.12507059418,2014-11-12,2014-12-16,35,103.861721273688,430.986791867868
2014-12-16,"2",310.881907083197,2014-11-12,2014-12-16,35,65.9981175619443,376.880024645141
2014-12-16,"3",285.924077817079,2014-11-12,2014-12-16,35,41.7787923003241,327.702870117403
2014-12-16,"4",278.840509169812,2014-11-12,2014-12-16,35,58.4521396474253,337.292648817238
2014-12-16,"5",411.189734863122,2014-11-12,2014-12-16,35,81.3020550068025,492.491789869924
2014-12-16,"6",719.457799542252,2014-11-12,2014-12-16,35,106.699483365812,826.157282908064
2015-01-13,"1",461.716324983758,2014-12-16,2015-01-13,29,118.437601133657,580.153926117415
2015-01-13,"2",446.851539377752,2014-12-16,2015-01-13,29,63.5917897745374,510.44332915229
2015-01-13,"3",969.099653504656,2014-12-16,2015-01-13,29,98.0996528285872,1067.19930633324
2015-01-13,"4",382.691249187902,2014-12-16,2015-01-13,29,58.0869093236805,440.778158511582
2015-01-13,"5",852.484570129214,2014-12-16,2015-01-13,29,120.067436903217,972.552007032431
2015-01-13,"6",684.672318270411,2014-12-16,2015-01-13,29,68.9178177603294,753.59013603074
2015-02-11,"1",752.371887578192,2015-01-13,2015-02-11,30,138.609869061991,890.981756640183
2015-02-11,"2",727.26995521946,2015-01-13,2015-02-11,30,149.049501795381,876.31945701484
2015-02-11,"3",863.735167534979,2015-01-13,2015-02-11,30,192.942418034666,1056.67758556965
2015-02-11,"4",251.988552212019,2015-01-13,2015-02-11,30,50.2118220784547,302.200374290474
2015-02-11,"5",641.455106201321,2015-01-13,2015-02-11,30,169.195423178394,810.650529379715
2015-02-11,"6",434.09463156244,2015-01-13,2015-02-11,30,54.780409994821,488.875041557261
2015-03-12,"1",1236.31645205694,2015-02-11,2015-03-12,30,811.670404763329,2047.98685682027
2015-03-12,"2",1005.85784356432,2015-02-11,2015-03-12,30,447.894750069628,1453.75259363395
2015-03-12,"3",857.187662575267,2015-02-11,2015-03-12,30,391.847303383593,1249.03496595886
2015-03-12,"4",958.18050739663,2015-02-11,2015-03-12,30,338.490798013748,1296.67130541038
2015-03-12,"5",1198.36080570124,2015-02-11,2015-03-12,30,640.175327888937,1838.53613359018
2015-03-12,"6",464.668894077469,2015-02-11,2015-03-12,30,154.830509487866,619.499403565335
2015-04-17,"1",182.769777104037,2015-03-12,2015-04-17,37,107.478492601384,290.248269705421
2015-04-17,"2",225.685671775869,2015-03-12,2015-04-17,37,40.021007003508,265.706678779377
2015-04-17,"3",204.762857223064,2015-03-12,2015-04-17,37,32.1167581045166,236.879615327581
2015-04-17,"4",286.567991690528,2015-03-12,2015-04-17,37,47.8867516081918,334.45474329872
2015-04-17,"5",222.003657450853,2015-03-12,2015-04-17,37,34.9537818693004,256.957439320153
2015-04-17,"6",109.56185784066,2015-03-12,2015-04-17,37,12.4951997231313,122.057057563792
2015-06-09,"1",212.955371018334,2015-04-17,2015-06-09,54,57.7608858211691,270.716256839503
2015-06-09,"2",231.00455728546,2015-04-17,2015-06-09,54,53.1583736719675,284.162930957427
2015-06-09,"3",131.969405169373,2015-04-17,2015-06-09,54,38.0449892294449,170.014394398818
2015-06-09,"4",152.986070723731,2015-04-17,2015-06-09,54,28.5494827368145,181.535553460546
2015-06-09,"5",126.749501844843,2015-04-17,2015-06-09,54,37.8977965730861,164.647298417929
2015-06-09,"6",110.595211990046,2015-04-17,2015-06-09,54,8.09417743498438,118.689389425031
2015-08-24,"1",271.364957049015,2015-06-09,2015-08-24,77,71.2195364294491,342.584493478464
2015-08-24,"2",216.117922395681,2015-06-09,2015-08-24,77,52.399586932151,268.517509327832
2015-08-24,"3",179.47910294939,2015-06-09,2015-08-24,77,20.1902817784668,199.669384727856
2015-08-24,"4",332.0224196165,2015-06-09,2015-08-24,77,45.2500281154694,377.272447731969
2015-08-24,"5",185.945021409005,2015-06-09,2015-08-24,77,35.678272718809,221.623294127814
2015-08-24,"6",297.694044041382,2015-06-09,2015-08-24,77,62.3921062593414,360.086150300723
2015-09-11,"1",291.480686092864,2015-08-24,2015-09-11,19,80.3988151910379,371.879501283902
2015-09-11,"2",231.84408511594,2015-08-24,2015-09-11,19,75.1186708245651,306.962755940505
2015-09-11,"3",195.718235921621,2015-08-24,2015-09-11,19,25.8112041824256,221.529440104047
2015-09-11,"4",196.876228173601,2015-08-24,2015-09-11,19,35.2248261301054,232.101054303706
2015-09-11,"5",205.368171354781,2015-08-24,2015-09-11,19,45.4722820884957,250.840453443276
2015-09-11,"6",212.789848969738,2015-08-24,2015-09-11,19,54.3917533969717,267.18160236671
2015-10-16,"1",1535.17288673933,2015-09-11,2015-10-16,36,261.956729624996,1797.12961636433
2015-10-16,"2",1494.9559662167,2015-09-11,2015-10-16,36,172.977900860576,1667.93386707728
2015-10-16,"3",1427.44351404028,2015-09-11,2015-10-16,36,113.314470118732,1540.75798415901
2015-10-16,"4",1046.10914603335,2015-09-11,2015-10-16,36,97.0296737089101,1143.13881974226
2015-10-16,"5",1643.00151591713,2015-09-11,2015-10-16,36,229.505645709096,1872.50716162623
2015-10-16,"6",3193.87497293005,2015-09-11,2015-10-16,36,271.503521920341,3465.37849485039
2015-11-23,"1",295.977833036355,2015-10-16,2015-11-23,39,43.4306165951535,339.408449631509
2015-11-23,"2",466.584997739422,2015-10-16,2015-11-23,39,37.6471455345007,504.232143273923
2015-11-23,"3",590.866931730539,2015-10-16,2015-11-23,39,41.0939496896244,631.960881420164
2015-11-23,"4",452.248610409298,2015-10-16,2015-11-23,39,66.9450967127235,519.193707122021
2015-11-23,"5",572.940214356001,2015-10-16,2015-11-23,39,60.2420780052534,633.182292361255
2015-11-23,"6",289.312451796495,2015-10-16,2015-11-23,39,17.2093827439516,306.521834540446
2015-12-17,"1",695.413824322048,2015-11-23,2015-12-17,25,220.792850454461,916.206674776509
2015-12-17,"2",789.88230587839,2015-11-23,2015-12-17,25,167.686649160675,957.568955039065
2015-12-17,"3",823.187742125653,2015-11-23,2015-12-17,25,120.282943517764,943.470685643416
2015-12-17,"4",811.370957554321,2015-11-23,2015-12-17,25,170.084212864308,981.455170418628
2015-12-17,"5",1010.25612683173,2015-11-23,2015-12-17,25,199.751823138227,1210.00794996996
2015-12-17,"6",615.499199932626,2015-11-23,2015-12-17,25,91.2818607104762,706.781060643102
2016-01-20,"1",351.586882858247,2015-12-17,2016-01-20,35,90.1876428069887,441.774525665236
2016-01-20,"2",388.165814582528,2015-12-17,2016-01-20,35,55.2401786798526,443.405993262381
2016-01-20,"3",617.7269417115,2015-12-17,2016-01-20,35,62.5310289871773,680.257970698677
2016-01-20,"4",261.263487203876,2015-12-17,2016-01-20,35,39.6559590087431,300.919446212619
2016-01-20,"5",462.484766519038,2015-12-17,2016-01-20,35,65.1382587655595,527.623025284598
2016-01-20,"6",263.260559403145,2015-12-17,2016-01-20,35,26.4993088989799,289.759868302125
2016-02-22,"1",495.257016858836,2016-01-20,2016-02-22,34,91.2414610277436,586.49847788658
2016-02-22,"2",714.931018114444,2016-01-20,2016-02-22,34,146.520712567958,861.451730682402
2016-02-22,"3",535.078552069457,2016-01-20,2016-02-22,34,119.526625237924,654.60517730738
2016-02-22,"4",916.584363085121,2016-01-20,2016-02-22,34,182.640721394361,1099.22508447948
2016-02-22,"5",569.885310916135,2016-01-20,2016-02-22,34,150.317591069801,720.202901985936
2016-02-22,"6",479.896871698287,2016-01-20,2016-02-22,34,60.5604065920883,540.457278290375
2016-03-10,"1",523.437267782302,2016-02-22,2016-03-10,18,343.648697954481,867.085965736784
2016-03-10,"2",574.896709568112,2016-02-22,2016-03-10,18,255.993647308468,830.89035687658
2016-03-10,"3",682.961537318313,2016-02-22,2016-03-10,18,312.20308970487,995.164627023183
2016-03-10,"4",742.669351722498,2016-02-22,2016-03-10,18,262.358438294594,1005.02779001709
2016-03-10,"5",1386.28392236126,2016-02-22,2016-03-10,18,740.565579517154,2126.84950187842
2016-03-10,"6",677.945635050382,2016-02-22,2016-03-10,18,225.895620339127,903.841255389509
2016-04-05,"1",404.949080732305,2016-03-10,2016-04-05,27,238.131913640458,643.080994372762
2016-04-05,"2",456.32992575893,2016-03-10,2016-04-05,27,80.9213230552156,537.251248814146
2016-04-05,"3",403.309266529327,2016-03-10,2016-04-05,27,63.2584753411684,466.567741870496
2016-04-05,"4",482.72486104093,2016-03-10,2016-04-05,27,80.6654133959579,563.390274436888
2016-04-05,"5",543.483013954212,2016-03-10,2016-04-05,27,85.5697015876008,629.052715541812
2016-04-05,"6",858.752477941462,2016-03-10,2016-04-05,27,97.9381322669599,956.690610208422
2016-05-13,"1",324.783582883434,2016-04-05,2016-05-13,39,168.752599474867,493.536182358301
2016-05-13,"2",366.836985718465,2016-04-05,2016-05-13,39,193.99809987805,560.835085596515
2016-05-13,"3",207.840217015505,2016-04-05,2016-05-13,39,115.953355498596,323.793572514101
2016-05-13,"4",255.902436105423,2016-04-05,2016-05-13,39,104.993831009118,360.896267114541
2016-05-13,"5",418.547711497035,2016-04-05,2016-05-13,39,254.304028766302,672.851740263337
2016-05-13,"6",339.028549772612,2016-04-05,2016-05-13,39,88.2264993158158,427.255049088428
2016-06-28,"1",288.099775907903,2016-05-13,2016-06-28,47,78.142655814434,366.242431722337
2016-06-28,"2",360.538370279236,2016-05-13,2016-06-28,47,82.9664731968999,443.504843476136
2016-06-28,"3",222.780774216227,2016-05-13,2016-06-28,47,64.2246749896753,287.005449205902
2016-06-28,"4",435.02976909726,2016-05-13,2016-06-28,47,81.1830438162633,516.212812913524
2016-06-28,"5",376.212459081222,2016-05-13,2016-06-28,47,112.486621525138,488.699080606361
2016-06-28,"6",363.497429531823,2016-05-13,2016-06-28,47,26.603436431372,390.100865963195
2016-07-26,"1",194.016338217955,2016-06-28,2016-07-26,29,55.5344168964029,249.550755114358
2016-07-26,"2",208.812428457993,2016-06-28,2016-07-26,29,55.2383880853366,264.050816543329
2016-07-26,"3",308.371832815997,2016-06-28,2016-07-26,29,80.5164250387819,388.888257854778
2016-07-26,"4",323.576120695878,2016-06-28,2016-07-26,29,69.0426630241487,392.618783720027
2016-07-26,"5",263.864325416877,2016-06-28,2016-07-26,29,79.9583974706432,343.82272288752
2016-07-26,"6",268.928661661734,2016-06-28,2016-07-26,29,50.9098735169518,319.838535178686
2016-08-30,"1",224.67155128853,2016-07-26,2016-08-30,36,58.9648859073728,283.636437195902
2016-08-30,"2",161.275020366914,2016-07-26,2016-08-30,36,39.1024694112523,200.377489778166
2016-08-30,"3",107.33234678409,2016-07-26,2016-08-30,36,12.074220841888,119.406567625978
2016-08-30,"4",183.389879448495,2016-07-26,2016-08-30,36,24.9934845084315,208.383363956926
2016-08-30,"5",179.235544647369,2016-07-26,2016-08-30,36,34.3908892767128,213.626433924082
2016-08-30,"6",124.693207247528,2016-07-26,2016-08-30,36,26.133783970916,150.826991218444
2016-09-13,"1",150.508915036454,2016-08-30,2016-09-13,15,41.5147178594341,192.023632895888
2016-09-13,"2",276.654876200101,2016-08-30,2016-09-13,15,89.6375966067612,366.292472806862
2016-09-13,"3",193.098967732621,2016-08-30,2016-09-13,15,25.4657766563881,218.564744389009
2016-09-13,"4",361.33869919873,2016-08-30,2016-09-13,15,64.6502270560079,425.988926254737
2016-09-13,"5",393.619613080199,2016-08-30,2016-09-13,15,87.1546061080058,480.774219188205
2016-09-13,"6",306.364144950552,2016-08-30,2016-09-13,15,78.3105167022999,384.674661652852
2016-10-13,"1",647.022907192185,2016-09-13,2016-10-13,31,110.405809159722,757.428716351906
2016-10-13,"2",599.124136769412,2016-09-13,2016-10-13,31,69.3232696315116,668.447406400924
2016-10-13,"3",893.279434057605,2016-09-13,2016-10-13,31,70.911027121275,964.19046117888
2016-10-13,"4",973.576722250295,2016-09-13,2016-10-13,31,90.3020799012541,1063.87880215155
2016-10-13,"5",1087.90213912751,2016-09-13,2016-10-13,31,151.965582800691,1239.8677219282
2016-10-13,"6",902.211314035468,2016-09-13,2016-10-13,31,76.6947834067182,978.906097442186
2016-11-07,"1",577.488630621526,2016-10-13,2016-11-07,26,84.7383976269028,662.227028248429
2016-11-07,"2",579.080343607883,2016-10-13,2016-11-07,26,46.724009725126,625.804353333009
2016-11-07,"3",849.368367862557,2016-10-13,2016-11-07,26,59.0723547088264,908.440722571383
2016-11-07,"4",594.22688226377,2016-10-13,2016-11-07,26,87.961743136028,682.188625399798
2016-11-07,"5",958.299646286003,2016-10-13,2016-11-07,26,100.760883243041,1059.06052952904
2016-11-07,"6",536.317043239732,2016-10-13,2016-11-07,26,31.9021362955689,568.2191795353
2016-12-12,"1",792.057130169813,2016-11-09,2016-12-12,34,251.476955701107,1043.53408587092
2016-12-12,"2",1070.03588180951,2016-11-09,2016-12-12,34,227.161350706277,1297.19723251578
2016-12-12,"3",767.107660740809,2016-11-09,2016-12-12,34,112.088607139204,879.196267880013
2016-12-12,"4",876.628845299891,2016-11-09,2016-12-12,34,183.763943901081,1060.39278920097
2016-12-12,"5",818.250723505903,2016-11-09,2016-12-12,34,161.787758038216,980.038481544119
2016-12-12,"6",772.685948554305,2016-11-09,2016-12-12,34,114.593505786193,887.279454340498
