"Date","Ring","leaf_pool"
"2012-10-26",1,106.720383145982
"2012-10-26",2,114.334266094587
"2012-10-26",3,94.7154367583051
"2012-10-26",4,101.182145126304
"2012-10-26",5,104.360684468378
"2012-10-26",6,104.234205758703
"2012-11-03",1,110.845941667525
"2012-11-03",2,118.018055370517
"2012-11-03",3,100.339689684396
"2012-11-03",4,100.041590593789
"2012-11-03",5,112.097844387868
"2012-11-03",6,110.352096687727
"2012-11-07",1,111.548374893015
"2012-11-07",2,120.353401887618
"2012-11-07",3,105.56161155169
"2012-11-07",4,109.409095852641
"2012-11-07",5,116.135376887849
"2012-11-07",6,112.661217080158
"2012-11-10",1,114.239386686443
"2012-11-10",2,119.268784885952
"2012-11-10",3,112.34256627182
"2012-11-10",4,112.699876143176
"2012-11-10",5,122.737522306272
"2012-11-10",6,116.930107547346
"2012-11-14",1,114.170132706465
"2012-11-14",2,121.056937240051
"2012-11-14",3,115.334903521618
"2012-11-14",4,115.046426861711
"2012-11-14",5,122.720193840606
"2012-11-14",6,117.483955611951
"2012-11-16",1,116.000416463024
"2012-11-16",2,123.704966136011
"2012-11-16",3,117.128629492085
"2012-11-16",4,118.813996342068
"2012-11-16",5,124.227770353475
"2012-11-16",6,120.474735160819
"2012-11-22",1,115.762974245957
"2012-11-22",2,122.229496160771
"2012-11-22",3,118.972646844901
"2012-11-22",4,119.440366454187
"2012-11-22",5,126.775054806252
"2012-11-22",6,122.059592699536
"2012-11-28",1,120.719580527234
"2012-11-28",2,127.320356141566
"2012-11-28",3,124.420879932768
"2012-11-28",4,124.853326079811
"2012-11-28",5,133.593806045489
"2012-11-28",6,127.487303732667
"2012-12-07",1,124.845139048777
"2012-12-07",2,131.375455742391
"2012-12-07",3,127.815548241362
"2012-12-07",4,129.621217978029
"2012-12-07",5,141.556236018627
"2012-12-07",6,136.570411992192
"2012-12-09",1,125.003433860155
"2012-12-09",2,133.583775043081
"2012-12-09",3,128.142442226634
"2012-12-09",4,130.051263129633
"2012-12-09",5,133.827740331969
"2012-12-09",6,138.087103615265
"2012-12-10",1,125.033114137288
"2012-12-10",2,129.860900469794
"2012-12-10",3,128.544773285431
"2012-12-10",4,131.621862813752
"2012-12-10",5,140.403893051894
"2012-12-10",6,136.638577907836
"2012-12-11",1,125.478318294289
"2012-12-11",2,129.997699010544
"2012-12-11",3,127.220433550226
"2012-12-11",4,129.789496515613
"2012-12-11",5,140.265265326573
"2012-12-11",6,137.320237064273
"2012-12-14",1,126.457767439691
"2012-12-14",2,131.785851364643
"2012-12-14",3,128.050241358994
"2012-12-14",4,132.145396041791
"2012-12-14",5,141.582228717124
"2012-12-14",6,145.772810604095
"2012-12-15",1,124.775885068799
"2012-12-15",2,129.362562928487
"2012-12-15",3,126.734283520847
"2012-12-15",4,131.191817662148
"2012-12-15",5,141.175009773993
"2012-12-15",6,140.20024700022
"2012-12-17",1,125.507998571422
"2012-12-17",2,130.114954902616
"2012-12-17",3,129.232088844208
"2012-12-17",4,131.397491430306
"2012-12-17",5,141.40027982764
"2012-12-17",6,139.518587843783
"2012-12-19",1,126.10160411409
"2012-12-19",2,129.899985767151
"2012-12-19",3,126.868393873779
"2012-12-19",4,131.883629427772
"2012-12-19",5,141.894141099097
"2012-12-19",6,139.944624816557
"2012-12-21",1,124.301000634664
"2012-12-21",2,129.225764387737
"2012-12-21",3,127.002504226711
"2012-12-21",4,129.67731082389
"2012-12-21",5,141.019053583007
"2012-12-21",6,139.365214533585
"2012-12-22",1,126.754570211025
"2012-12-22",2,128.190004007767
"2012-12-22",3,126.373861947342
"2012-12-22",4,131.82753658191
"2012-12-22",5,141.729520675278
"2012-12-22",6,137.396923719373
"2012-12-23",1,129.94025329001
"2012-12-23",2,134.570678801354
"2012-12-23",3,134.336664152686
"2012-12-23",4,134.968735950148
"2012-12-23",5,143.869586184925
"2012-12-23",6,141.631731228739
"2012-12-26",1,127.714232505005
"2012-12-26",2,132.557785987451
"2012-12-26",3,130.61510185882
"2012-12-26",4,131.004841509277
"2012-12-26",5,145.047921850155
"2012-12-26",6,138.155269530909
"2013-01-03",1,136.727143327846
"2013-01-03",2,142.553850786593
"2013-01-03",3,138.242628181834
"2013-01-03",4,144.850425629396
"2013-01-03",5,162.107796297497
"2013-01-03",6,149.402645612123
"2013-01-13",1,125.48821172
"2013-01-13",2,130.466722578833
"2013-01-13",3,132.081933844015
"2013-01-13",4,130.481308281237
"2013-01-13",5,142.916520573341
"2013-01-13",6,135.735379525557
"2013-01-19",1,123.341338340684
"2013-01-19",2,128.854454062842
"2013-01-19",3,125.5189084474
"2013-01-19",4,126.180856765197
"2013-01-19",5,150.610359328669
"2013-01-19",6,139.782730766903
"2013-01-20",1,122.935707886528
"2013-01-20",2,129.987927686205
"2013-01-20",3,129.592510417713
"2013-01-20",4,128.807871713039
"2013-01-20",5,149.380038266443
"2013-01-20",6,137.158343014619
"2013-01-21",1,122.302528641016
"2013-01-21",2,127.291042168548
"2013-01-21",3,129.097978491276
"2013-01-21",4,128.44326821494
"2013-01-21",5,150.107833824379
"2013-01-21",6,136.638577907836
"2013-01-23",1,121.125210981391
"2013-01-23",2,127.027216411386
"2013-01-23",3,127.036031814944
"2013-01-23",4,127.65796837288
"2013-01-23",5,148.279680696706
"2013-01-23",6,135.138927763674
"2013-01-27",1,124.973753583021
"2013-01-27",2,131.746766067286
"2013-01-27",3,137.437966064241
"2013-01-27",4,129.696008439177
"2013-01-27",5,151.242848325447
"2013-01-27",6,137.499172592838
"2013-01-28",1,125.735547362778
"2013-01-28",2,131.942192554072
"2013-01-28",3,139.281983417058
"2013-01-28",4,130.33172735894
"2013-01-28",5,159.231270997082
"2013-01-28",6,137.362840761551
"2013-02-01",1,126.062030411246
"2013-02-01",2,132.635956582165
"2013-02-01",3,131.763421755801
"2013-02-01",4,128.349780138504
"2013-02-01",5,158.564125068973
"2013-02-01",6,141.83622897567
"2013-02-02",1,127.397642882249
"2013-02-02",2,140.511643999671
"2013-02-02",3,139.919007593486
"2013-02-02",4,131.79949015898
"2013-02-02",5,156.450052257825
"2013-02-02",6,146.931631170038
"2013-02-09",1,129.68302422152
"2013-02-09",2,141.547404379641
"2013-02-09",3,137.848679020096
"2013-02-09",4,129.836240553831
"2013-02-09",5,159.491197982059
"2013-02-09",6,143.932330881714
"2013-02-11",1,133.719541911662
"2013-02-11",2,146.501465819685
"2013-02-11",3,137.052398799562
"2013-02-11",4,131.6966532749
"2013-02-11",5,162.523679473461
"2013-02-11",6,153.594849424211
"2013-02-12",1,138.379345421605
"2013-02-12",2,149.765088149024
"2013-02-12",3,136.809323784872
"2013-02-12",4,135.856872676287
"2013-02-12",5,166.413920015287
"2013-02-12",6,158.698772358035
"2013-02-16",1,146.98662579029
"2013-02-16",2,153.917900993242
"2013-02-16",3,138.251010078892
"2013-02-16",4,139.699232617792
"2013-02-16",5,171.56913855067
"2013-02-16",6,161.723634864725
"2013-02-23",1,150.993463203299
"2013-02-23",2,155.334743022446
"2013-02-23",3,137.848679020096
"2013-02-23",4,145.588981433238
"2013-02-23",5,168.250737375793
"2013-02-23",6,154.344674496292
"2013-02-26",1,152.75449297988
"2013-02-26",2,157.806888080298
"2013-02-26",3,135.971134079046
"2013-02-26",4,147.327859654941
"2013-02-26",5,171.777080138652
"2013-02-26",6,160.803395003535
"2013-02-28",1,158.34427850667
"2013-02-28",2,157.894829999352
"2013-02-28",3,132.987178726307
"2013-02-28",4,146.467769351733
"2013-02-28",5,168.70994171592
"2013-02-28",6,156.244799394861
"2013-03-01",1,164.146141911056
"2013-03-01",2,156.287291145624
"2013-03-01",3,147.575313319803
"2013-03-01",4,151.532558160637
"2013-03-01",5,172.740076827107
"2013-03-01",6,163.646232328888
"2013-03-02",1,167.922431938233
"2013-03-02",2,157.281605588806
"2013-03-02",3,140.864607064953
"2013-03-02",4,152.78142606641
"2013-03-02",5,173.964739967519
"2013-03-02",6,168.768180132609
"2013-03-11",1,173.372537004483
"2013-03-11",2,161.097879118356
"2013-03-11",3,146.998880859451
"2013-03-11",4,160.733202185199
"2013-03-11",5,180.275777756793
"2013-03-11",6,175.435543221936
"2013-03-15",1,172.025320021815
"2013-03-15",2,159.658490591082
"2013-03-15",3,142.163730968135
"2013-03-15",4,153.961996508586
"2013-03-15",5,178.630974706897
"2013-03-15",6,167.805607183289
"2013-03-21",1,171.668103397622
"2013-03-21",2,160.444472484264
"2013-03-21",3,145.131927965473
"2013-03-21",4,156.645111149895
"2013-03-21",5,182.859191242771
"2013-03-21",6,168.43260424202
"2013-04-03",1,156.583469586792
"2013-04-03",2,148.299859560751
"2013-04-03",3,144.760117590522
"2013-04-03",4,158.906121844285
"2013-04-03",5,184.19843650781
"2013-04-03",6,156.787796305274
"2013-04-04",1,159.249931039673
"2013-04-04",2,149.163349823308
"2013-04-04",3,144.58337610027
"2013-04-04",4,160.252783893813
"2013-04-04",5,185.509391699476
"2013-04-04",6,158.68486632136
"2013-04-06",1,172.951116370684
"2013-04-06",2,152.948009271959
"2013-04-06",3,150.398171129546
"2013-04-06",4,172.393146310011
"2013-04-06",5,193.901351341898
"2013-04-06",6,166.071525417809
"2013-04-15",1,187.653542168192
"2013-04-15",2,166.368852608075
"2013-04-15",3,159.367801759811
"2013-04-15",4,172.352338369116
"2013-04-15",5,206.43851437205
"2013-04-15",6,181.220591778144
"2013-04-16",1,174.690112970389
"2013-04-16",2,154.546384864351
"2013-04-16",3,142.727590452629
"2013-04-16",4,143.297084452031
"2013-04-16",5,188.796011757454
"2013-04-16",6,167.602011855907
"2013-04-20",1,187.537609061545
"2013-04-20",2,159.130232109198
"2013-04-20",3,151.493968369105
"2013-04-20",4,148.163431403734
"2013-04-20",5,195.083057430159
"2013-04-20",6,170.635490963754
"2013-05-12",1,164.319073365097
"2013-05-12",2,149.098321369068
"2013-05-12",3,155.476941417896
"2013-05-12",4,170.148944221235
"2013-05-12",5,195.221012264961
"2013-05-12",6,171.030287029576
"2013-05-13",1,157.73846599787
"2013-05-13",2,142.640991425226
"2013-05-13",3,146.275133655783
"2013-05-13",4,162.911975242296
"2013-05-13",5,186.306113450339
"2013-05-13",6,163.8774360211
"2013-05-22",1,160.767288594044
"2013-05-22",2,138.698809332438
"2013-05-22",3,151.816202495753
"2013-05-22",4,162.826457145056
"2013-05-22",5,184.597583591862
"2013-05-22",6,159.705733302441
"2013-05-23",1,178.0795155916
"2013-05-23",2,143.568563682352
"2013-05-23",3,155.086341483276
"2013-05-23",4,166.386147942673
"2013-05-23",5,189.799532043649
"2013-05-23",6,166.10615391189
"2013-05-27",1,178.689638128959
"2013-05-27",2,143.86288949471
"2013-05-27",3,151.807118776343
"2013-05-27",4,163.264737393411
"2013-05-27",5,189.704083448204
"2013-05-27",6,171.439837753098
"2013-05-29",1,188.20101268457
"2013-05-29",2,143.452617150212
"2013-05-29",3,153.18784412663
"2013-05-29",4,162.270589512996
"2013-05-29",5,185.40889665315
"2013-05-29",6,173.582835725011
"2013-06-01",1,187.278767582994
"2013-06-01",2,152.02678614072
"2013-06-01",3,152.453435325283
"2013-06-01",4,167.98614711329
"2013-06-01",5,189.827498281417
"2013-06-01",6,175.263935951501
"2013-06-02",1,184.895297364355
"2013-06-02",2,149.196548948439
"2013-06-02",3,153.967336326267
"2013-06-02",4,164.52184972822
"2013-06-02",5,184.635815526741
"2013-06-02",6,170.30107405834
"2013-06-06",1,181.859846502948
"2013-06-06",2,150.71699999672
"2013-06-06",3,152.381344801426
"2013-06-06",4,168.438011989603
"2013-06-06",5,188.906238495005
"2013-06-06",6,177.745366898082
"2013-06-12",1,194.322296166329
"2013-06-12",2,157.540711026653
"2013-06-12",3,162.293791831679
"2013-06-12",4,173.559147254489
"2013-06-12",5,195.451021560974
"2013-06-12",6,181.959117562087
"2013-06-30",1,180.074915890783
"2013-06-30",2,151.193285867265
"2013-06-30",3,159.842714020562
"2013-06-30",4,171.697894311579
"2013-06-30",5,190.739161611721
"2013-06-30",6,183.429248349306
"2013-07-13",1,185.048285214823
"2013-07-13",2,166.074254161417
"2013-07-13",3,163.120273676009
"2013-07-13",4,178.973572107018
"2013-07-13",5,198.327251199388
"2013-07-13",6,184.956095065588
"2013-07-15",1,182.090365680157
"2013-07-15",2,153.394890087539
"2013-07-15",3,152.052483540588
"2013-07-15",4,164.376743985027
"2013-07-15",5,183.18857656393
"2013-07-15",6,170.341939085051
"2013-07-30",1,179.08000076367
"2013-07-30",2,157.941388118484
"2013-07-30",3,155.413944841815
"2013-07-30",4,176.461358364954
"2013-07-30",5,194.139752925463
"2013-07-30",6,165.323215071571
"2013-08-08",1,157.156320168188
"2013-08-08",2,155.344362395977
"2013-08-08",3,138.973843387823
"2013-08-08",4,162.649352827712
"2013-08-08",5,177.893490234408
"2013-08-08",6,151.476365812401
"2013-09-08",1,130.418008748381
"2013-09-08",2,137.796913793664
"2013-09-08",3,134.292434386551
"2013-09-08",4,143.049589248135
"2013-09-08",5,169.15535017493
"2013-09-08",6,129.927221696581
"2013-09-09",1,133.279782531105
"2013-09-09",2,137.657402888753
"2013-09-09",3,133.685174541694
"2013-09-09",4,150.476889801934
"2013-09-09",5,171.408673852366
"2013-09-09",6,137.432107521409
"2013-09-24",1,125.63490274404
"2013-09-24",2,128.89811107326
"2013-09-24",3,134.18682397875
"2013-09-24",4,147.909698768568
"2013-09-24",5,168.443260874269
"2013-09-24",6,125.131938354826
"2013-10-01",1,125.351185145696
"2013-10-01",2,129.889264014108
"2013-10-01",3,130.55662328555
"2013-10-01",4,139.188406028548
"2013-10-01",5,163.245307441304
"2013-10-01",6,130.374428389748
"2013-10-22",1,116.721101042057
"2013-10-22",2,113.33117126352
"2013-10-22",3,107.444063491455
"2013-10-22",4,115.651948912733
"2013-10-22",5,141.032109111526
"2013-10-22",6,120.795400159223
"2013-11-05",1,117.859150377845
"2013-11-05",2,111.843453997749
"2013-11-05",3,108.859051885366
"2013-11-05",4,112.751847415125
"2013-11-05",5,137.909220036106
"2013-11-05",6,120.213358874116
"2013-11-10",1,119.808225388713
"2013-11-10",2,113.247044451167
"2013-11-10",3,109.198964056985
"2013-11-10",4,113.151401161256
"2013-11-10",5,138.358110806567
"2013-11-10",6,123.375559893387
"2013-11-11",1,123.564822476698
"2013-11-11",2,117.705508244378
"2013-11-11",3,110.942103398625
"2013-11-11",4,116.425522136496
"2013-11-11",5,143.91438100983
"2013-11-11",6,125.961007267634
"2013-11-16",1,120.570433493521
"2013-11-16",2,123.257946949812
"2013-11-16",3,113.025154911883
"2013-11-16",4,122.385532182949
"2013-11-16",5,158.248959613222
"2013-11-16",6,133.866509815811
"2013-11-17",1,116.606951348516
"2013-11-17",2,122.432305506625
"2013-11-17",3,113.007723518467
"2013-11-17",4,119.111411207709
"2013-11-17",5,153.171506231784
"2013-11-17",6,132.394793618163
"2013-11-18",1,117.380048140536
"2013-11-18",2,124.888588800107
"2013-11-18",3,113.391214173628
"2013-11-18",4,120.010407136504
"2013-11-18",5,155.755121999549
"2013-11-18",6,135.248729758197
"2013-11-23",1,130.686023913054
"2013-11-23",2,137.675710651469
"2013-11-23",3,124.416570509495
"2013-11-23",4,129.932658498756
"2013-11-23",5,165.441187291054
"2013-11-23",6,140.220743939441
"2013-12-09",1,87.238386792243
"2013-12-09",2,99.1769055334467
"2013-12-09",3,106.929444450333
"2013-12-09",4,106.239676089307
"2013-12-09",5,142.07996033847
"2013-12-09",6,104.7870898063
"2013-12-14",1,87.8584694824491
"2013-12-14",2,102.161607443624
"2013-12-14",3,104.124171288496
"2013-12-14",4,100.872116669611
"2013-12-14",5,133.073732604246
"2013-12-14",6,112.713954849146
"2013-12-22",1,97.7797925257468
"2013-12-22",2,111.91385073231
"2013-12-22",3,120.388174341143
"2013-12-22",4,117.535301133587
"2013-12-22",5,144.992465168787
"2013-12-22",6,121.649097451732
"2013-12-23",1,98.0858073598745
"2013-12-23",2,108.155953062671
"2013-12-23",3,112.844375251979
"2013-12-23",4,116.993795139034
"2013-12-23",5,147.930974506518
"2013-12-23",6,120.206358829663
"2013-12-24",1,100.743304603615
"2013-12-24",2,110.118041226465
"2013-12-24",3,115.608515376253
"2013-12-24",4,119.919827530655
"2013-12-24",5,149.361222414263
"2013-12-24",6,121.591715801991
"2013-12-25",1,103.167264210784
"2013-12-25",2,110.899550918823
"2013-12-25",3,118.907384988854
"2013-12-25",4,122.370854663897
"2013-12-25",5,151.216210609762
"2013-12-25",6,122.739348796819
"2014-01-02",1,94.4251299681751
"2014-01-02",2,104.151530677807
"2014-01-02",3,115.448076807775
"2014-01-02",4,123.289924273979
"2014-01-02",5,142.517603720626
"2014-01-02",6,113.410092925865
"2014-01-03",1,96.201311450762
"2014-01-03",2,106.566860567883
"2014-01-03",3,121.42261799336
"2014-01-03",4,123.887814389674
"2014-01-03",5,146.357210058765
"2014-01-03",6,116.28979586951
"2014-01-07",1,99.2042082018982
"2014-01-07",2,110.283823568748
"2014-01-07",3,123.790623886995
"2014-01-07",4,124.892601945218
"2014-01-07",5,145.054349624666
"2014-01-07",6,117.809832774388
"2014-01-08",1,100.53953888485
"2014-01-08",2,115.921913513881
"2014-01-08",3,127.404948672017
"2014-01-08",4,129.160873048931
"2014-01-08",5,151.990165465017
"2014-01-08",6,122.913809904529
"2014-01-09",1,101.779032437447
"2014-01-09",2,116.624934605805
"2014-01-09",3,128.49547770198
"2014-01-09",4,132.133715568637
"2014-01-09",5,154.634205757747
"2014-01-09",6,123.178770465929
"2014-01-10",1,100.398977760329
"2014-01-10",2,117.439325375657
"2014-01-10",3,129.118637147674
"2014-01-10",4,133.047158800949
"2014-01-10",5,152.802537265102
"2014-01-10",6,120.65467248627
"2014-01-21",1,111.407469467154
"2014-01-21",2,130.330365595887
"2014-01-21",3,131.883907187938
"2014-01-21",4,141.924166213146
"2014-01-21",5,159.837983609237
"2014-01-21",6,129.286808670851
"2014-01-22",1,112.289171066424
"2014-01-22",2,132.488153105753
"2014-01-22",3,132.530435112845
"2014-01-22",4,144.265902499619
"2014-01-22",5,164.512953402181
"2014-01-22",6,132.027058687443
"2014-01-23",1,115.962927730048
"2014-01-23",2,134.771231503288
"2014-01-23",3,134.540124325206
"2014-01-23",4,147.031144284709
"2014-01-23",5,168.176290387471
"2014-01-23",6,136.245509730797
"2014-01-24",1,114.480646780551
"2014-01-24",2,135.850125258221
"2014-01-24",3,136.534234551425
"2014-01-24",4,150.444100361802
"2014-01-24",5,171.556063631222
"2014-01-24",6,138.734744478693
"2014-01-25",1,114.589262194954
"2014-01-25",2,131.826895643052
"2014-01-25",3,137.398868282325
"2014-01-25",4,150.693221243342
"2014-01-25",5,167.777768372335
"2014-01-25",6,139.773668785238
"2014-01-26",1,119.208611878084
"2014-01-26",2,144.6900934438
"2014-01-26",3,145.126045408923
"2014-01-26",4,158.69830557015
"2014-01-26",5,177.357624505416
"2014-01-26",6,145.142606476779
"2014-02-04",1,153.152091138555
"2014-02-04",2,131.844990911143
"2014-02-04",3,122.552384330859
"2014-02-04",4,128.177953149695
"2014-02-04",5,169.839124709405
"2014-02-04",6,128.3355464141
"2014-02-05",1,152.985122382884
"2014-02-05",2,134.515194922252
"2014-02-05",3,126.509504592613
"2014-02-05",4,131.474779495164
"2014-02-05",5,171.305727214252
"2014-02-05",6,133.412019731466
"2014-02-06",1,153.143742700771
"2014-02-06",2,134.47118057042
"2014-02-06",3,127.50063377967
"2014-02-06",4,132.337707196327
"2014-02-06",5,174.902590340666
"2014-02-06",6,133.570210118127
"2014-02-10",1,151.440661392934
"2014-02-10",2,131.331490139776
"2014-02-10",3,119.800891363807
"2014-02-10",4,126.961003827542
"2014-02-10",5,167.291005273609
"2014-02-10",6,128.810117574081
"2014-02-13",1,159.087830402633
"2014-02-13",2,141.39610525857
"2014-02-13",3,128.499159453196
"2014-02-13",4,133.768544581162
"2014-02-13",5,173.181995223247
"2014-02-13",6,133.462353036313
"2014-02-14",1,159.154617904901
"2014-02-14",2,140.119689055458
"2014-02-14",3,130.192954854957
"2014-02-14",4,133.156382194867
"2014-02-14",5,174.82885054992
"2014-02-14",6,133.793114753875
"2014-02-15",1,163.813046188101
"2014-02-15",2,146.575127324072
"2014-02-15",3,134.046524306123
"2014-02-15",4,136.563840296896
"2014-02-15",5,178.737059459485
"2014-02-15",6,138.711397684581
"2014-02-16",1,168.621746351405
"2014-02-16",2,152.715129404561
"2014-02-16",3,139.07613510611
"2014-02-16",4,139.720533084057
"2014-02-16",5,182.227409554821
"2014-02-16",6,142.996919068647
"2014-02-17",1,171.785804271357
"2014-02-17",2,158.348966438988
"2014-02-17",3,139.046549160228
"2014-02-17",4,142.759218664221
"2014-02-17",5,190.043827373952
"2014-02-17",6,154.113388967582
"2014-02-18",1,174.966559066875
"2014-02-18",2,163.344595371859
"2014-02-18",3,142.559880233748
"2014-02-18",4,140.354821821664
"2014-02-18",5,191.674296080458
"2014-02-18",6,155.558673863886
"2014-02-27",1,179.850395170231
"2014-02-27",2,164.217546683183
"2014-02-27",3,139.667854023756
"2014-02-27",4,141.498016639444
"2014-02-27",5,188.020079783464
"2014-02-27",6,154.889959956641
"2014-02-28",1,184.366900011111
"2014-02-28",2,168.809710724266
"2014-02-28",3,142.537690774337
"2014-02-28",4,145.738900640887
"2014-02-28",5,185.586666688829
"2014-02-28",6,156.630054209903
"2014-03-01",1,197.182427632736
"2014-03-01",2,181.774946880651
"2014-03-01",3,154.128338535453
"2014-03-01",4,148.401425755015
"2014-03-01",5,201.189125144952
"2014-03-01",6,165.444104425768
"2014-03-02",1,202.224048616655
"2014-03-02",2,181.495817973993
"2014-03-02",3,158.255447646178
"2014-03-02",4,153.699101745373
"2014-03-02",5,201.770011546788
"2014-03-02",6,170.357697836708
"2014-03-03",1,198.615401361268
"2014-03-03",2,179.976116148852
"2014-03-03",3,156.195808754109
"2014-03-03",4,152.627744676193
"2014-03-03",5,196.568437857621
"2014-03-03",6,166.817238536076
"2014-03-06",1,191.135977509909
"2014-03-06",2,176.223383070442
"2014-03-06",3,156.798820901217
"2014-03-06",4,152.162258501308
"2014-03-06",5,196.973298077082
"2014-03-06",6,162.772059670573
"2014-03-15",1,182.171154061901
"2014-03-15",2,172.059710212785
"2014-03-15",3,146.649421645998
"2014-03-15",4,142.763870970296
"2014-03-15",5,198.654348118759
"2014-03-15",6,161.317279748301
"2014-03-21",1,185.220592057373
"2014-03-21",2,173.447601165338
"2014-03-21",3,144.973517756634
"2014-03-21",4,146.147881575016
"2014-03-21",5,201.998845583875
"2014-03-21",6,155.253222623319
"2014-03-23",1,197.313492303029
"2014-03-23",2,183.542763289489
"2014-03-23",3,154.104844555696
"2014-03-23",4,159.536150605042
"2014-03-23",5,216.283370283566
"2014-03-23",6,168.754470983591
"2014-03-24",1,188.200128895356
"2014-03-24",2,177.657795507438
"2014-03-24",3,152.366290053644
"2014-03-24",4,152.494748626226
"2014-03-24",5,203.34544587904
"2014-03-24",6,161.361813827554
"2014-03-26",1,186.601139917788
"2014-03-26",2,170.454718999498
"2014-03-26",3,147.33857838555
"2014-03-26",4,149.406284799211
"2014-03-26",5,201.241932999664
"2014-03-26",6,160.018369103415
"2014-03-27",1,194.683461252492
"2014-03-27",2,173.323543873489
"2014-03-27",3,150.706048817451
"2014-03-27",4,152.088371806882
"2014-03-27",5,202.896579113985
"2014-03-27",6,161.940756857846
"2014-03-28",1,192.909719381201
"2014-03-28",2,171.788334886867
"2014-03-28",3,148.372313494878
"2014-03-28",4,154.223697275799
"2014-03-28",5,203.847120498807
"2014-03-28",6,164.263951325557
"2014-04-04",1,188.53148855889
"2014-04-04",2,174.534812824368
"2014-04-04",3,153.138597975601
"2014-04-04",4,149.630134578773
"2014-04-04",5,216.564362474998
"2014-04-04",6,165.580592079786
"2014-04-05",1,188.668962300001
"2014-04-05",2,180.495701240501
"2014-04-05",3,151.316410909224
"2014-04-05",4,146.528723429206
"2014-04-05",5,213.617261844303
"2014-04-05",6,172.222529767548
"2014-04-07",1,188.705621964297
"2014-04-07",2,174.477259418971
"2014-04-07",3,151.066796242597
"2014-04-07",4,149.763369425294
"2014-04-07",5,220.100883231833
"2014-04-07",6,171.639634543218
"2014-04-10",1,185.580385583052
"2014-04-10",2,170.859616794008
"2014-04-10",3,154.06217224212
"2014-04-10",4,147.890679638085
"2014-04-10",5,215.318974789124
"2014-04-10",6,167.421313840829
"2014-04-12",1,193.159771176276
"2014-04-12",2,178.875983974325
"2014-04-12",3,161.142908285436
"2014-04-12",4,158.016527973666
"2014-04-12",5,225.120461080244
"2014-04-12",6,175.374765783334
"2014-04-26",1,181.831934908774
"2014-04-26",2,170.284082740037
"2014-04-26",3,153.954005886582
"2014-04-26",4,146.580536980631
"2014-04-26",5,215.176373145703
"2014-04-26",6,169.430768429967
"2014-04-28",1,178.193463227383
"2014-04-28",2,164.890506462818
"2014-04-28",3,148.73705935408
"2014-04-28",4,145.381423361944
"2014-04-28",5,216.364720174209
"2014-04-28",6,167.751109823015
"2014-04-30",1,180.292229008337
"2014-04-30",2,164.545186030436
"2014-04-30",3,149.893607309451
"2014-04-30",4,146.543527301042
"2014-04-30",5,217.049208062629
"2014-04-30",6,167.850815585072
"2014-05-30",1,122.200518200936
"2014-05-30",2,159.976180858265
"2014-05-30",3,149.80897631124
"2014-05-30",4,141.994624529842
"2014-05-30",5,162.656031927167
"2014-05-30",6,170.201294996089
"2014-06-05",1,128.689301036397
"2014-06-05",2,160.127107181254
"2014-06-05",3,156.709515385992
"2014-06-05",4,146.055469782126
"2014-06-05",5,166.690510185056
"2014-06-05",6,174.201723188166
"2014-06-10",1,126.328029457747
"2014-06-10",2,159.668981140531
"2014-06-10",3,154.152966854563
"2014-06-10",4,144.521918020449
"2014-06-10",5,162.253403416466
"2014-06-10",6,174.009825126318
"2014-06-15",1,130.406589457233
"2014-06-15",2,162.642781755752
"2014-06-15",3,158.860125468174
"2014-06-15",4,150.755805931666
"2014-06-15",5,167.28114003778
"2014-06-15",6,177.797725999321
"2014-06-23",1,125.637089194676
"2014-06-23",2,155.385100794819
"2014-06-23",3,154.602090245219
"2014-06-23",4,143.724471104377
"2014-06-23",5,168.06372459264
"2014-06-23",6,172.56641796546
"2014-07-15",1,127.595390513888
"2014-07-15",2,152.316295425193
"2014-07-15",3,149.711115098697
"2014-07-15",4,141.194467369521
"2014-07-15",5,157.214535578122
"2014-07-15",6,165.731797681648
"2014-07-20",1,124.90715587023
"2014-07-20",2,147.446357542386
"2014-07-20",3,146.897692670627
"2014-07-20",4,140.17839429237
"2014-07-20",5,155.869580624457
"2014-07-20",6,170.570297003528
"2014-07-24",1,127.325857752782
"2014-07-24",2,143.344497110893
"2014-07-24",3,150.372578052005
"2014-07-24",4,143.774340416977
"2014-07-24",5,156.96235652431
"2014-07-24",6,170.359162487664
"2014-08-10",1,129.393233557222
"2014-08-10",2,142.122275399069
"2014-08-10",3,146.068568637928
"2014-08-10",4,139.771382213479
"2014-08-10",5,155.610770477015
"2014-08-10",6,174.912685806287
"2014-08-16",1,128.558001589041
"2014-08-16",2,147.564867213054
"2014-08-16",3,149.303124284426
"2014-08-16",4,143.268340913704
"2014-08-16",5,156.553194095864
"2014-08-16",6,173.842798094585
"2014-08-17",1,126.729520793832
"2014-08-17",2,147.722743922162
"2014-08-17",3,149.330153997349
"2014-08-17",4,140.915093411905
"2014-08-17",5,155.626609529433
"2014-08-17",6,171.284370957904
"2014-08-18",1,125.202024491662
"2014-08-18",2,147.631341616889
"2014-08-18",3,149.681540265353
"2014-08-18",4,140.199245395624
"2014-08-18",5,155.990907735038
"2014-08-18",6,172.63335981179
"2014-08-25",1,132.04189709596
"2014-08-25",2,149.351366816117
"2014-08-25",3,156.772334955585
"2014-08-25",4,151.085072125973
"2014-08-25",5,164.314329780503
"2014-08-25",6,189.146844057637
"2014-08-26",1,126.67684850755
"2014-08-26",2,146.011028023412
"2014-08-26",3,151.519560744142
"2014-08-26",4,141.713222809369
"2014-08-26",5,154.113980023549
"2014-08-26",6,176.094213974863
"2014-08-27",1,140.838168905009
"2014-08-27",2,154.968453940169
"2014-08-27",3,164.403723904285
"2014-08-27",4,158.597362227869
"2014-08-27",5,169.129401715463
"2014-08-27",6,198.105990721721
"2014-08-30",1,129.287888984659
"2014-08-30",2,148.603529772974
"2014-08-30",3,154.871245146641
"2014-08-30",4,145.374744271958
"2014-08-30",5,155.832517210862
"2014-08-30",6,180.448191792923
"2014-09-02",1,143.458392672301
"2014-09-02",2,152.403853339257
"2014-09-02",3,162.671768781462
"2014-09-02",4,156.149166405986
"2014-09-02",5,171.366171149461
"2014-09-02",6,205.845318573426
"2014-09-05",1,136.856342096374
"2014-09-05",2,150.493628124091
"2014-09-05",3,154.264221377133
"2014-09-05",4,147.190488022707
"2014-09-05",5,160.468821113772
"2014-09-05",6,183.842287110319
"2014-09-06",1,139.716696532789
"2014-09-06",2,149.453992276898
"2014-09-06",3,156.188840662462
"2014-09-06",4,148.129910922765
"2014-09-06",5,165.243602690495
"2014-09-06",6,194.394660656331
"2014-09-07",1,139.203915905533
"2014-09-07",2,151.279694252456
"2014-09-07",3,156.262510300177
"2014-09-07",4,147.848084052747
"2014-09-07",5,166.122951449031
"2014-09-07",6,190.179633992021
"2014-09-12",1,137.9940741131
"2014-09-12",2,153.967533272027
"2014-09-12",3,160.010453118975
"2014-09-12",4,150.017296931063
"2014-09-12",5,163.246577005222
"2014-09-12",6,191.759035084034
"2014-09-13",1,140.373696711462
"2014-09-13",2,158.100719688914
"2014-09-13",3,156.640067193472
"2014-09-13",4,147.549176766365
"2014-09-13",5,171.127842981259
"2014-09-13",6,194.503244481407
"2014-09-16",1,148.113479304114
"2014-09-16",2,159.300949691364
"2014-09-16",3,154.365517128993
"2014-09-16",4,146.891580736325
"2014-09-16",5,172.220865269907
"2014-09-16",6,198.501103495565
"2014-09-25",1,127.962803092395
"2014-09-25",2,141.466546133833
"2014-09-25",3,148.223311084428
"2014-09-25",4,138.89794587765
"2014-09-25",5,157.14044497165
"2014-09-25",6,174.000644055713
"2014-10-15",1,130.780602722604
"2014-10-15",2,144.399998138077
"2014-10-15",3,140.955229002936
"2014-10-15",4,144.444645411181
"2014-10-15",5,155.510545797293
"2014-10-15",6,150.461735379946
"2014-10-20",1,128.724438644423
"2014-10-20",2,141.475876674888
"2014-10-20",3,139.627505889206
"2014-10-20",4,143.725617862121
"2014-10-20",5,152.734944315382
"2014-10-20",6,142.240586898454
"2014-10-21",1,131.183268187914
"2014-10-21",2,144.399998138077
"2014-10-21",3,140.296075684063
"2014-10-21",4,146.770388841474
"2014-10-21",5,155.630110168821
"2014-10-21",6,147.444510809373
"2014-11-10",1,129.132002544316
"2014-11-10",2,138.821115971105
"2014-11-10",3,134.566327580608
"2014-11-10",4,132.13154402026
"2014-11-10",5,160.944790709163
"2014-11-10",6,122.767092241767
"2014-11-11",1,132.305295933837
"2014-11-11",2,139.894745074754
"2014-11-11",3,133.671291445332
"2014-11-11",4,134.900713089942
"2014-11-11",5,167.00359945974
"2014-11-11",6,124.58787271995
"2014-11-12",1,127.326205753594
"2014-11-12",2,137.738758175555
"2014-11-12",3,130.703540049414
"2014-11-12",4,130.114268539035
"2014-11-12",5,163.500027443102
"2014-11-12",6,121.866387005219
"2014-11-15",1,130.394307097054
"2014-11-15",2,138.05299108394
"2014-11-15",3,133.878562971396
"2014-11-15",4,131.067889675614
"2014-11-15",5,163.3507524449
"2014-11-15",6,123.377247402009
"2014-11-25",1,120.944554959197
"2014-11-25",2,125.413845213332
"2014-11-25",3,123.524408101194
"2014-11-25",4,127.033338713163
"2014-11-25",5,161.296025999052
"2014-11-25",6,117.246640791956
"2014-11-26",1,123.451632056995
"2014-11-26",2,129.324299184349
"2014-11-26",3,125.371008969765
"2014-11-26",4,126.776594561007
"2014-11-26",5,160.532089243544
"2014-11-26",6,112.917444654999
"2014-11-27",1,122.294519550319
"2014-11-27",2,127.561103420631
"2014-11-27",3,125.097787412681
"2014-11-27",4,125.208621346055
"2014-11-27",5,160.057921602195
"2014-11-27",6,115.106255229836
"2014-12-04",1,128.284595126295
"2014-12-04",2,137.034044212473
"2014-12-04",3,131.639609577221
"2014-12-04",4,149.94715742967
"2014-12-04",5,163.540707401426
"2014-12-04",6,114.306932607961
"2014-12-11",1,136.262559803964
"2014-12-11",2,145.425330333987
"2014-12-11",3,138.549157290798
"2014-12-11",4,161.790081397652
"2014-12-11",5,163.33289324285
"2014-12-11",6,130.081145661071
"2014-12-17",1,135.867699909906
"2014-12-17",2,138.664452497962
"2014-12-17",3,131.762152715388
"2014-12-17",4,144.295930300033
"2014-12-17",5,160.459636615576
"2014-12-17",6,128.581832297457
"2014-12-23",1,125.987228469959
"2014-12-23",2,140.330304441832
"2014-12-23",3,130.970335514924
"2014-12-23",4,143.48996669933
"2014-12-23",5,164.326787044737
"2014-12-23",6,140.19926638438
"2014-12-24",1,131.129381181212
"2014-12-24",2,139.692318590988
"2014-12-24",3,134.919995122002
"2014-12-24",4,153.77785501419
"2014-12-24",5,158.779052550567
"2014-12-24",6,143.197893111607
"2014-12-27",1,134.808757466751
"2014-12-27",2,143.502511866861
"2014-12-27",3,136.946670099382
"2014-12-27",4,155.01050522703
"2014-12-27",5,159.971725112832
"2014-12-27",6,148.396111300424
"2014-12-28",1,137.868921645699
"2014-12-28",2,144.158219546894
"2014-12-28",3,138.822522752863
"2014-12-28",4,158.329178876985
"2014-12-28",5,167.416893228786
"2014-12-28",6,156.6019341408
"2015-01-05",1,132.240316535753
"2015-01-05",2,144.099231075081
"2015-01-05",3,130.190530908004
"2015-01-05",4,141.0331673034
"2015-01-05",5,170.432376205045
"2015-01-05",6,143.394767962656
"2015-01-10",1,138.454306107432
"2015-01-10",2,154.158105971556
"2015-01-10",3,137.679032903147
"2015-01-10",4,159.635370410516
"2015-01-10",5,174.117199363878
"2015-01-10",6,150.431470019873
"2015-01-11",1,137.847614817889
"2015-01-11",2,152.790530851463
"2015-01-11",3,141.649636605861
"2015-01-11",4,150.987063847261
"2015-01-11",5,209.699936129989
"2015-01-11",6,156.556161941257
"2015-01-12",1,144.631526510047
"2015-01-12",2,152.736547623038
"2015-01-12",3,140.54616716829
"2015-01-12",4,155.306308895879
"2015-01-12",5,197.677735318845
"2015-01-12",6,162.028222756263
"2015-01-13",1,149.953863731943
"2015-01-13",2,156.659328888569
"2015-01-13",3,145.808867562861
"2015-01-13",4,155.50263821627
"2015-01-13",5,177.764802086764
"2015-01-13",6,172.788268946015
"2015-01-19",1,138.831190090329
"2015-01-19",2,146.087613322059
"2015-01-19",3,142.045753839861
"2015-01-19",4,139.717760856775
"2015-01-19",5,178.909330492159
"2015-01-19",6,156.522693679391
"2015-01-27",1,149.56778745678
"2015-01-27",2,153.483315616247
"2015-01-27",3,151.920390601718
"2015-01-27",4,154.187231769646
"2015-01-27",5,179.45833192239
"2015-01-27",6,167.450081178471
"2015-01-28",1,155.965622873775
"2015-01-28",2,159.700384089829
"2015-01-28",3,154.315956731147
"2015-01-28",4,157.348133827953
"2015-01-28",5,178.313803516994
"2015-01-28",6,167.190702149013
"2015-02-05",1,165.024746007341
"2015-02-05",2,159.188794028048
"2015-02-05",3,139.97885112279
"2015-02-05",4,154.819907875284
"2015-02-05",5,183.670689399433
"2015-02-05",6,176.650498199887
"2015-02-06",1,166.136467863294
"2015-02-06",2,161.372716981535
"2015-02-06",3,143.188751979646
"2015-02-06",4,151.831709830006
"2015-02-06",5,181.48989034095
"2015-02-06",6,176.331556686522
"2015-02-07",1,164.026080611316
"2015-02-07",2,157.45262096879
"2015-02-07",3,140.208129755422
"2015-02-07",4,153.628534798409
"2015-02-07",5,178.294545633521
"2015-02-07",6,175.340251982819
"2015-02-09",1,156.724517574339
"2015-02-09",2,155.963167239006
"2015-02-09",3,137.320917344494
"2015-02-09",4,151.636402768223
"2015-02-09",5,179.072047906545
"2015-02-09",6,174.874769774123
"2015-02-21",1,167.577937727368
"2015-02-21",2,160.888416075532
"2015-02-21",3,144.836161414117
"2015-02-21",4,155.239818058117
"2015-02-21",5,190.819917617242
"2015-02-21",6,179.684752597309
"2015-02-23",1,178.7893700035
"2015-02-23",2,155.807825438967
"2015-02-23",3,140.845014846068
"2015-02-23",4,159.761176538391
"2015-02-23",5,190.990588847905
"2015-02-23",6,186.675605768641
"2015-02-25",1,175.039664082575
"2015-02-25",2,157.196763886373
"2015-02-25",3,143.146292973603
"2015-02-25",4,159.419389180271
"2015-02-25",5,192.820563710024
"2015-02-25",6,178.76240822082
"2015-03-13",1,159.068591381956
"2015-03-13",2,152.188957011041
"2015-03-13",3,143.57006948526
"2015-03-13",4,147.566490682946
"2015-03-13",5,176.142337373287
"2015-03-13",6,171.918097452346
"2015-03-15",1,166.464959300003
"2015-03-15",2,158.334101869083
"2015-03-15",3,151.313791435182
"2015-03-15",4,156.200700244182
"2015-03-15",5,184.002820588489
"2015-03-15",6,181.669100653071
"2015-03-17",1,158.861119631099
"2015-03-17",2,154.826731454823
"2015-03-17",3,144.311489671955
"2015-03-17",4,147.953721899632
"2015-03-17",5,177.10681384141
"2015-03-17",6,173.411414259749
"2015-03-21",1,154.607948738533
"2015-03-21",2,148.130842482145
"2015-03-21",3,139.011708337434
"2015-03-21",4,143.90349268727
"2015-03-21",5,174.493082612797
"2015-03-21",6,173.953630481485
"2015-03-22",1,157.471058900358
"2015-03-22",2,149.754088293704
"2015-03-22",3,144.146729630467
"2015-03-22",4,145.82918306214
"2015-03-22",5,175.496138139645
"2015-03-22",6,178.495802437338
"2015-03-30",1,158.290572316243
"2015-03-30",2,154.382271292135
"2015-03-30",3,149.959097760728
"2015-03-30",4,151.417871432686
"2015-03-30",5,185.468824820036
"2015-03-30",6,184.540179991115
"2015-03-31",1,169.525167625142
"2015-03-31",2,152.488484511983
"2015-03-31",3,153.629585351648
"2015-03-31",4,155.918126113087
"2015-03-31",5,189.307441163165
"2015-03-31",6,178.629134295142
"2015-04-17",1,190.5126241625
"2015-04-17",2,163.945879187745
"2015-04-17",3,160.851413657304
"2015-04-17",4,167.874058847106
"2015-04-17",5,171.706786650954
"2015-04-17",6,188.689701653439
"2015-04-26",1,189.993327531128
"2015-04-26",2,163.64861580795
"2015-04-26",3,165.090092602729
"2015-04-26",4,173.99599396826
"2015-04-26",5,167.948216651108
"2015-04-26",6,193.937708526227
"2015-04-30",1,190.016407381411
"2015-04-30",2,160.952744467048
"2015-04-30",3,162.78711013121
"2015-04-30",4,171.89897751792
"2015-04-30",5,174.03258584146
"2015-04-30",6,191.983468204717
"2015-05-01",1,180.048626469617
"2015-05-01",2,157.058125417502
"2015-05-01",3,156.242299806618
"2015-05-01",4,170.738001591399
"2015-05-01",5,168.84684633378
"2015-05-01",6,189.571768274138
"2015-05-02",1,185.621429806378
"2015-05-02",2,156.689818240392
"2015-05-02",3,159.730659577815
"2015-05-02",4,172.900084214317
"2015-05-02",5,173.172832125853
"2015-05-02",6,190.189937083728
"2015-05-03",1,180.212854465789
"2015-05-03",2,154.77860261863
"2015-05-03",3,156.242299806618
"2015-05-03",4,168.331991698202
"2015-05-03",5,167.836814408759
"2015-05-03",6,182.691280654358
"2015-05-18",1,177.410029997791
"2015-05-18",2,157.078033913562
"2015-05-18",3,158.710838551809
"2015-05-18",4,167.045829727645
"2015-05-18",5,174.621179791922
"2015-05-18",6,189.482178591589
"2015-05-19",1,171.235057341733
"2015-05-19",2,151.274707312066
"2015-05-19",3,153.325802292995
"2015-05-19",4,163.819337198059
"2015-05-19",5,167.036411751195
"2015-05-19",6,184.026166924342
"2015-06-10",1,161.471071602345
"2015-06-10",2,149.802645278592
"2015-06-10",3,148.421006629881
"2015-06-10",4,163.877761141383
"2015-06-10",5,163.111066515947
"2015-06-10",6,178.421639127618
"2015-06-11",1,165.418281105524
"2015-06-11",2,152.211638993031
"2015-06-11",3,148.100205343396
"2015-06-11",4,164.761228605772
"2015-06-11",5,165.898261010486
"2015-06-11",6,180.461093695746
"2015-06-12",1,170.0007934575
"2015-06-12",2,154.088525662112
"2015-06-12",3,151.390709967625
"2015-06-12",4,169.702102202913
"2015-06-12",5,173.61165972793
"2015-06-12",6,186.211830396435
"2015-06-30",1,161.304434789546
"2015-06-30",2,155.123715732172
"2015-06-30",3,145.588789557774
"2015-06-30",4,165.481090984164
"2015-06-30",5,162.286945884672
"2015-06-30",6,181.528962611247
"2015-07-10",1,155.127272178556
"2015-07-10",2,154.480704228133
"2015-07-10",3,141.388960611837
"2015-07-10",4,160.435616053183
"2015-07-10",5,159.311070573618
"2015-07-10",6,179.35789581656
"2015-07-16",1,158.434191174488
"2015-07-16",2,158.150750198465
"2015-07-16",3,148.521524773313
"2015-07-16",4,164.256278259012
"2015-07-16",5,164.021058697417
"2015-07-16",6,179.263776130749
"2015-07-17",1,154.59101504408
"2015-07-17",2,151.657591943262
"2015-07-17",3,142.227566546664
"2015-07-17",4,159.662897854252
"2015-07-17",5,162.886338805259
"2015-07-17",6,175.610221054245
"2015-07-21",1,154.253371663114
"2015-07-21",2,151.224714726248
"2015-07-21",3,143.189756513992
"2015-07-21",4,162.163499803572
"2015-07-21",5,163.561767312496
"2015-07-21",6,180.042402622463
"2015-07-22",1,148.38433524691
"2015-07-22",2,147.008867047508
"2015-07-22",3,140.259049457544
"2015-07-22",4,155.048053055076
"2015-07-22",5,156.303162288056
"2015-07-22",6,171.913884302372
"2015-08-23",1,126.42969676844
"2015-08-23",2,133.188313726564
"2015-08-23",3,122.819898507493
"2015-08-23",4,136.610033121997
"2015-08-23",5,143.504090002395
"2015-08-23",6,163.658677920915
"2015-08-25",1,134.486351617679
"2015-08-25",2,139.591245727587
"2015-08-25",3,131.733216157548
"2015-08-25",4,144.28926408772
"2015-08-25",5,147.59744512279
"2015-08-25",6,166.487160466156
"2015-08-27",1,132.911081058228
"2015-08-27",2,133.508918333196
"2015-08-27",3,126.863667259906
"2015-08-27",4,143.211847913712
"2015-08-27",5,149.13135764114
"2015-08-27",6,166.662894588789
"2015-09-03",1,124.950611812102
"2015-09-03",2,125.883613179835
"2015-09-03",3,119.46127439697
"2015-09-03",4,137.795402228749
"2015-09-03",5,142.460696506167
"2015-09-03",6,157.789226996619
"2015-09-04",1,125.250449667672
"2015-09-04",2,134.663700744972
"2015-09-04",3,121.261578490896
"2015-09-04",4,137.681014678789
"2015-09-04",5,146.82321918338
"2015-09-04",6,165.674594178651
"2015-09-10",1,125.005127785842
"2015-09-10",2,131.665622064193
"2015-09-10",3,122.675515952792
"2015-09-10",4,144.3882846537
"2015-09-10",5,147.659867368051
"2015-09-10",6,164.782065598338
"2015-10-07",1,91.8945205332565
"2015-10-07",2,111.146081685738
"2015-10-07",3,101.480159210885
"2015-10-07",4,113.672569571446
"2015-10-07",5,118.546407314793
"2015-10-07",6,118.988857338957
"2015-10-08",1,90.9968407518713
"2015-10-08",2,109.058667991038
"2015-10-08",3,99.5012603430405
"2015-10-08",4,114.583916179126
"2015-10-08",5,118.721144070152
"2015-10-08",6,117.850591525017
"2015-10-18",1,88.9225903832337
"2015-10-18",2,107.562688176502
"2015-10-18",3,113.933711523788
"2015-10-18",4,107.846095192007
"2015-10-18",5,118.504803325421
"2015-10-18",6,109.810587219508
"2015-10-21",1,89.0968971369007
"2015-10-21",2,108.632487695036
"2015-10-21",3,112.256813286378
"2015-10-21",4,114.174322198146
"2015-10-21",5,122.623598273187
"2015-10-21",6,112.952842142499
"2015-10-23",1,85.9506602332108
"2015-10-23",2,110.250233308429
"2015-10-23",3,91.2836642412271
"2015-10-23",4,107.999692934874
"2015-10-23",5,121.250666623932
"2015-10-23",6,117.409713921026
"2015-10-27",1,89.5326640210683
"2015-10-27",2,112.955173554478
"2015-10-27",3,92.5234563030093
"2015-10-27",4,113.283455289515
"2015-10-27",5,122.64856066681
"2015-10-27",6,114.940799338676
"2015-10-31",1,92.827061665375
"2015-10-31",2,114.590314281994
"2015-10-31",3,92.0625079723467
"2015-10-31",4,120.379671009992
"2015-10-31",5,129.604747689704
"2015-10-31",6,115.1011184674
"2015-11-03",1,95.1256405565264
"2015-11-03",2,121.897369281273
"2015-11-03",3,95.6472331337915
"2015-11-03",4,127.542763432897
"2015-11-03",5,143.506924157209
"2015-11-03",6,118.843675822382
"2015-11-04",1,98.1318117677758
"2015-11-04",2,124.561143653485
"2015-11-04",3,97.0240610172614
"2015-11-04",4,131.355128178875
"2015-11-04",5,141.031827354
"2015-11-04",6,121.410849953306
"2015-11-05",1,100.468084101867
"2015-11-05",2,125.375546009321
"2015-11-05",3,96.8471501718994
"2015-11-05",4,134.996037367494
"2015-11-05",5,152.117015003782
"2015-11-05",6,121.999651359481
"2015-11-08",1,104.085538038523
"2015-11-08",2,126.944967215879
"2015-11-08",3,97.1702047590823
"2015-11-08",4,141.118009327305
"2015-11-08",5,137.347584899387
"2015-11-08",6,127.283162644226
"2015-11-11",1,106.698143659442
"2015-11-11",2,131.780481203653
"2015-11-11",3,99.6161894906099
"2015-11-11",4,145.898593691309
"2015-11-11",5,143.90456266002
"2015-11-11",6,128.602077794058
"2015-11-14",1,111.462799423233
"2015-11-14",2,135.41135837342
"2015-11-14",3,102.569831430568
"2015-11-14",4,167.118740319714
"2015-11-14",5,159.031055909796
"2015-11-14",6,132.62162872688
"2015-11-15",1,115.758525973012
"2015-11-15",2,137.218313600431
"2015-11-15",3,105.915753940676
"2015-11-15",4,159.221699060189
"2015-11-15",5,155.663301243134
"2015-11-15",6,135.432174105689
"2015-11-21",1,110.893385377648
"2015-11-21",2,135.309558078941
"2015-11-21",3,101.177619995327
"2015-11-21",4,155.005909473367
"2015-11-21",5,155.022210595746
"2015-11-21",6,134.552897339134
"2015-11-22",1,113.480869790673
"2015-11-22",2,138.210866471605
"2015-11-22",3,102.731358724159
"2015-11-22",4,154.94539574724
"2015-11-22",5,159.745182200558
"2015-11-22",6,139.428172982264
"2015-11-28",1,115.390081590575
"2015-11-28",2,140.085688561602
"2015-11-28",3,106.223424976088
"2015-11-28",4,168.429871052458
"2015-11-28",5,176.71379667764
"2015-11-28",6,133.85418633714
"2015-11-29",1,117.517010525554
"2015-11-29",2,139.763320962417
"2015-11-29",3,105.561932249952
"2015-11-29",4,170.981533170798
"2015-11-29",5,175.593916812582
"2015-11-29",6,138.258420855329
"2015-12-03",1,118.974933591794
"2015-12-03",2,143.946613092229
"2015-12-03",3,110.067466169672
"2015-12-03",4,170.252836313417
"2015-12-03",5,175.926639776056
"2015-12-03",6,140.29606156536
"2015-12-08",1,120.006345139356
"2015-12-08",2,141.421379168777
"2015-12-08",3,108.815513947837
"2015-12-08",4,163.436761279217
"2015-12-08",5,176.100863772234
"2015-12-08",6,140.14221973021
"2015-12-16",1,124.526828562654
"2015-12-16",2,144.04596655807
"2015-12-16",3,118.823679625959
"2015-12-16",4,167.61980441245
"2015-12-16",5,188.73210349507
"2015-12-16",6,149.388114022745
"2015-12-21",1,121.182798935793
"2015-12-21",2,140.328491044529
"2015-12-21",3,118.480883184266
"2015-12-21",4,164.201830925913
"2015-12-21",5,185.398089750045
"2015-12-21",6,144.719014325932
"2015-12-23",1,132.157662434068
"2015-12-23",2,148.442357421521
"2015-12-23",3,122.616796774258
"2015-12-23",4,173.024971786509
"2015-12-23",5,187.148248984369
"2015-12-23",6,155.764858089727
"2015-12-27",1,137.451704518037
"2015-12-27",2,149.146111137893
"2015-12-27",3,126.193803122358
"2015-12-27",4,197.65624002234
"2015-12-27",5,169.2427737409
"2015-12-27",6,159.480138408608
"2015-12-28",1,140.400896911847
"2015-12-28",2,151.05038589984
"2015-12-28",3,124.822617355586
"2015-12-28",4,202.634160710582
"2015-12-28",5,178.025247002735
"2015-12-28",6,162.41851745998
"2016-01-03",1,128.658751818437
"2016-01-03",2,148.984595790262
"2016-01-03",3,129.809629732716
"2016-01-03",4,174.646399827767
"2016-01-03",5,178.633089369512
"2016-01-03",6,157.958365893117
"2016-01-04",1,131.205681059577
"2016-01-04",2,150.100343020905
"2016-01-04",3,132.664256374762
"2016-01-04",4,177.740259136298
"2016-01-04",5,202.457536291614
"2016-01-04",6,158.644485764061
"2016-01-06",1,139.343430586146
"2016-01-06",2,153.585031835449
"2016-01-06",3,137.325608739621
"2016-01-06",4,182.939117657911
"2016-01-06",5,212.107945171452
"2016-01-06",6,164.450115441278
"2016-01-09",1,142.332966433216
"2016-01-09",2,151.240345626127
"2016-01-09",3,135.020226717311
"2016-01-09",4,195.46141530225
"2016-01-09",5,184.115573260382
"2016-01-09",6,162.557630962081
"2016-01-12",1,141.230332432478
"2016-01-12",2,150.076087646326
"2016-01-12",3,126.926095479106
"2016-01-12",4,180.922234690958
"2016-01-12",5,181.324068768698
"2016-01-12",6,158.825440455298
"2016-01-15",1,134.614528428054
"2016-01-15",2,146.332674836271
"2016-01-15",3,134.398713068663
"2016-01-15",4,175.831073803502
"2016-01-15",5,206.393480297894
"2016-01-15",6,156.744461506062
"2016-01-16",1,147.566595422631
"2016-01-16",2,152.35609285677
"2016-01-16",3,141.58225454257
"2016-01-16",4,188.402324917912
"2016-01-16",5,190.402257891238
"2016-01-16",6,168.710090464171
"2016-01-22",1,145.563218153686
"2016-01-22",2,153.415244213395
"2016-01-22",3,141.603935251244
"2016-01-22",4,192.083625867303
"2016-01-22",5,177.287599669919
"2016-01-22",6,167.533884971124
"2016-01-24",1,145.749578829867
"2016-01-24",2,151.693112618272
"2016-01-24",3,142.608474753128
"2016-01-24",4,212.751780931572
"2016-01-24",5,173.220199773449
"2016-01-24",6,163.070335920588
"2016-01-25",1,144.181043138677
"2016-01-25",2,150.617791011928
"2016-01-25",3,141.098052048856
"2016-01-25",4,202.168040702072
"2016-01-25",5,172.106691056544
"2016-01-25",6,164.450115441278
"2016-01-27",1,145.019666181491
"2016-01-27",2,152.542050728544
"2016-01-27",3,144.039401525597
"2016-01-27",4,189.900301102106
"2016-01-27",5,173.444448056714
"2016-01-27",6,164.578291680905
"2016-02-01",1,135.055858919148
"2016-02-01",2,146.231484800259
"2016-02-01",3,139.337359617992
"2016-02-01",4,160.202751570009
"2016-02-01",5,167.858213482987
"2016-02-01",6,158.802423950439
"2016-02-04",1,133.609768446394
"2016-02-04",2,145.046528681192
"2016-02-04",3,136.797958511326
"2016-02-04",4,171.367345207312
"2016-02-04",5,167.027194828542
"2016-02-04",6,159.246026792146
"2016-02-05",1,131.714116168638
"2016-02-05",2,142.716114980361
"2016-02-05",3,133.066020973352
"2016-02-05",4,160.897523170602
"2016-02-05",5,167.057413688703
"2016-02-05",6,158.314460824561
"2016-02-06",1,131.848984710139
"2016-02-06",2,143.182197720528
"2016-02-06",3,136.847062952615
"2016-02-06",4,156.188515655473
"2016-02-06",5,166.883655242774
"2016-02-06",6,157.61948303922
"2016-02-26",1,120.182855870354
"2016-02-26",2,135.503682068977
"2016-02-26",3,124.837519597331
"2016-02-26",4,153.023445030551
"2016-02-26",5,172.866989554783
"2016-02-26",6,155.187060790526
"2016-03-15",1,137.899796071281
"2016-03-15",2,150.309419762026
"2016-03-15",3,140.968030174856
"2016-03-15",4,186.46378926494
"2016-03-15",5,189.747328361977
"2016-03-15",6,171.436304560851
"2016-03-25",1,136.918964852673
"2016-03-25",2,192.348713063925
"2016-03-25",3,138.669183308783
"2016-03-25",4,196.181935444696
"2016-03-25",5,188.114932899847
"2016-03-25",6,164.622948551132
"2016-03-28",1,132.911085562846
"2016-03-28",2,192.110288876675
"2016-03-28",3,137.283785528567
"2016-03-28",4,164.896941589907
"2016-03-28",5,187.543180174533
"2016-03-28",6,160.743811552898
"2016-03-29",1,136.462371009528
"2016-03-29",2,188.951168395612
"2016-03-29",3,136.507353805589
"2016-03-29",4,156.183774332566
"2016-03-29",5,184.916432146639
"2016-03-29",6,163.048085239883
"2016-04-04",1,161.258126670065
"2016-04-04",2,211.268906626855
"2016-04-04",3,155.981763427069
"2016-04-04",4,189.593047457294
"2016-04-04",5,207.118802586182
"2016-04-04",6,192.446507169664
"2016-04-08",1,158.890821278843
"2016-04-08",2,208.12914667174
"2016-04-08",3,149.408680101343
"2016-04-08",4,201.744700501755
"2016-04-08",5,199.05424322967
"2016-04-08",6,184.948958742736
"2016-04-12",1,161.034979030729
"2016-04-12",2,215.184371982646
"2016-04-12",3,149.491883687745
"2016-04-12",4,179.67461451505
"2016-04-12",5,214.476910212942
"2016-04-12",6,188.164888319569
"2016-04-14",1,162.441779365676
"2016-04-14",2,207.418083387787
"2016-04-14",3,154.841874293367
"2016-04-14",4,172.534600948804
"2016-04-14",5,208.421609672217
"2016-04-14",6,192.427645412615
"2016-04-23",1,155.087609338848
"2016-04-23",2,203.271753329414
"2016-04-23",3,150.540248876405
"2016-04-23",4,198.819496705893
"2016-04-23",5,197.375273534287
"2016-04-23",6,192.993498124081
"2016-05-08",1,183.955498316917
"2016-05-08",2,221.809073622027
"2016-05-08",3,162.287560048021
"2016-05-08",4,213.235164917775
"2016-05-08",5,212.569631355806
"2016-05-08",6,221.451868520987
"2016-05-15",1,188.222947241683
"2016-05-15",2,219.670668728536
"2016-05-15",3,169.883608647217
"2016-05-15",4,195.065573827546
"2016-05-15",5,230.635737806061
"2016-05-15",6,226.461497869135
"2016-06-01",1,184.607839798708
"2016-06-01",2,230.353540168279
"2016-06-01",3,169.847949219365
"2016-06-01",4,176.105664971
"2016-06-01",5,229.33307784175
"2016-06-01",6,224.909609899619
"2016-06-03",1,179.705747136408
"2016-06-03",2,225.533867083217
"2016-06-03",3,166.924046012586
"2016-06-03",4,171.537252052724
"2016-06-03",5,224.654923171451
"2016-06-03",6,221.938254286129
"2016-07-08",1,185.082364956017
"2016-07-08",2,224.966232035574
"2016-07-08",3,170.667344475813
"2016-07-08",4,176.115566767606
"2016-07-08",5,201.137719345421
"2016-07-08",6,223.028564089196
"2016-07-16",1,191.181517278289
"2016-07-16",2,235.066627368594
"2016-07-16",3,176.68104662282
"2016-07-16",4,185.664744678994
"2016-07-16",5,201.721482614835
"2016-07-16",6,231.765012161204
"2016-07-17",1,188.860700126248
"2016-07-17",2,231.474436559779
"2016-07-17",3,172.475261260515
"2016-07-17",4,182.141311231079
"2016-07-17",5,205.693157715669
"2016-07-17",6,228.254930996658
"2016-07-21",1,188.064671054775
"2016-07-21",2,227.258894992964
"2016-07-21",3,168.298021952705
"2016-07-21",4,178.898405923921
"2016-07-21",5,206.881532942691
"2016-07-21",6,227.579489510736
"2016-07-24",1,188.950393542752
"2016-07-24",2,228.347117502694
"2016-07-24",3,170.258184361381
"2016-07-24",4,182.623819633182
"2016-07-24",5,200.51225869962
"2016-07-24",6,225.331708828078
"2016-08-01",1,182.51159283554
"2016-08-01",2,222.628687779856
"2016-08-01",3,168.104905123592
"2016-08-01",4,168.41424629753
"2016-08-01",5,188.934609690214
"2016-08-01",6,226.05985914594
"2016-08-02",1,187.809203555079
"2016-08-02",2,223.992250615762
"2016-08-02",3,171.566287701117
"2016-08-02",4,172.298370124744
"2016-08-02",5,202.552937397684
"2016-08-02",6,232.922987447266
"2016-08-03",1,181.40977884135
"2016-08-03",2,218.256629163141
"2016-08-03",3,166.039710476497
"2016-08-03",4,167.096824180697
"2016-08-03",5,184.640164021475
"2016-08-03",6,222.138071545182
"2016-08-05",1,181.788179607032
"2016-08-05",2,218.397314217639
"2016-08-05",3,167.940077381805
"2016-08-05",4,172.09394255489
"2016-08-05",5,193.523051639454
"2016-08-05",6,224.143531113752
"2016-08-06",1,183.357429841181
"2016-08-06",2,221.37334421664
"2016-08-06",3,174.125965573572
"2016-08-06",4,177.931485382925
"2016-08-06",5,200.001469677626
"2016-08-06",6,223.085094119229
"2016-08-22",1,172.02766573931
"2016-08-22",2,219.057451781054
"2016-08-22",3,159.378730558404
"2016-08-22",4,152.820965552604
"2016-08-22",5,192.903559476971
"2016-08-22",6,214.829285561952
"2016-08-29",1,178.14885459592
"2016-08-29",2,218.494711563061
"2016-08-29",3,162.869200384479
"2016-08-29",4,165.927044197647
"2016-08-29",5,194.405040480956
"2016-08-29",6,217.480948769283
"2016-08-31",1,178.983562167276
"2016-08-31",2,226.935814832956
"2016-08-31",3,168.027339127457
"2016-08-31",4,170.731092089201
"2016-08-31",5,190.226093350984
"2016-08-31",6,224.28836986037
"2016-09-03",1,181.856487827373
"2016-09-03",2,228.704006699875
"2016-09-03",3,169.52515599422
"2016-09-03",4,165.823842609821
"2016-09-03",5,193.306553806595
"2016-09-03",6,228.680528169445
"2016-09-08",1,173.57019585468
"2016-09-08",2,224.078906273403
"2016-09-08",3,165.423661227263
"2016-09-08",4,162.122006966424
"2016-09-08",5,192.11141015172
"2016-09-08",6,219.431511808047
"2016-09-13",1,170.9848727592
"2016-09-13",2,222.437383819883
"2016-09-13",3,160.630348065881
"2016-09-13",4,158.22473279527
"2016-09-13",5,190.747042616509
"2016-09-13",6,214.117531498589
"2016-09-18",1,171.968179406626
"2016-09-18",2,219.708907309303
"2016-09-18",3,159.434490555515
"2016-09-18",4,154.534393535858
"2016-09-18",5,183.999240388102
"2016-09-18",6,208.624176326365
"2016-09-20",1,166.245113750819
"2016-09-20",2,221.439160706256
"2016-09-20",3,161.796556216485
"2016-09-20",4,165.904317297721
"2016-09-20",5,186.992387771549
"2016-09-20",6,208.814762118055
"2016-09-21",1,172.078663299595
"2016-09-21",2,218.888146082543
"2016-09-21",3,160.729179265084
"2016-09-21",4,166.145741361421
"2016-09-21",5,184.136734790875
"2016-09-21",6,210.574877958951
"2016-09-22",1,168.410598053016
"2016-09-22",2,220.407663488841
"2016-09-22",3,163.081361806134
"2016-09-22",4,162.558869557881
"2016-09-22",5,187.711589262978
"2016-09-22",6,213.164602540142
"2016-10-01",1,169.551322208236
"2016-10-01",2,231.529332684059
"2016-10-01",3,169.751724792307
"2016-10-01",4,161.271926460903
"2016-10-01",5,188.271154343398
"2016-10-01",6,210.31705196934
"2016-10-08",1,143.632718612812
"2016-10-08",2,216.321535199481
"2016-10-08",3,144.2950127984
"2016-10-08",4,136.701701521601
"2016-10-08",5,185.351891353748
"2016-10-08",6,194.376592041609
"2016-10-09",1,141.263519130539
"2016-10-09",2,216.765143353481
"2016-10-09",3,142.17865906969
"2016-10-09",4,137.202184549735
"2016-10-09",5,178.927381927623
"2016-10-09",6,188.239571375873
"2016-10-17",1,134.978559392842
"2016-10-17",2,213.921501340658
"2016-10-17",3,141.88640069763
"2016-10-17",4,130.94032712797
"2016-10-17",5,172.939696525496
"2016-10-17",6,189.717420102365
"2016-10-28",1,137.665845842642
"2016-10-28",2,207.472121255575
"2016-10-28",3,137.724238364502
"2016-10-28",4,130.148865595108
"2016-10-28",5,166.13163429781
"2016-10-28",6,187.14528644099
"2016-10-29",1,139.344028809253
"2016-10-29",2,212.693047991118
"2016-10-29",3,142.823643063202
"2016-10-29",4,133.128485483531
"2016-10-29",5,166.408644654492
"2016-10-29",6,174.724588365667
"2016-10-30",1,136.228970230708
"2016-10-30",2,210.338512404501
"2016-10-30",3,132.896936288064
"2016-10-30",4,127.890872398412
"2016-10-30",5,162.509191171968
"2016-10-30",6,168.689099291827
"2016-11-09",1,132.631296942812
"2016-11-09",2,206.10717308942
"2016-11-09",3,128.543294331861
"2016-11-09",4,126.261392771931
"2016-11-09",5,160.452921985828
"2016-11-09",6,170.076697714411
"2016-11-15",1,138.663980809711
"2016-11-15",2,223.419265663487
"2016-11-15",3,129.873573818479
"2016-11-15",4,136.259414194413
"2016-11-15",5,170.510528782284
"2016-11-15",6,175.017901853368
"2016-11-20",1,139.72792687351
"2016-11-20",2,229.117924257185
"2016-11-20",3,133.572153906271
"2016-11-20",4,140.845235428939
"2016-11-20",5,166.120980053322
"2016-11-20",6,175.773748148596
"2016-11-22",1,134.781126102652
"2016-11-22",2,222.361430834717
"2016-11-22",3,125.449386737986
"2016-11-22",4,138.901499017351
"2016-11-22",5,169.604918000823
"2016-11-22",6,165.575463807005
"2016-11-30",1,135.175992683031
"2016-11-30",2,225.921670634772
"2016-11-30",3,136.676139375045
"2016-11-30",4,158.245750011723
"2016-11-30",5,180.962342624787
"2016-11-30",6,181.425673430828
"2016-12-06",1,134.133983651476
"2016-12-06",2,225.341567664156
"2016-12-06",3,137.835094988386
"2016-12-06",4,171.875183173221
"2016-12-06",5,188.537510455592
"2016-12-06",6,186.615065905531
"2016-12-14",1,131.150547266391
"2016-12-14",2,221.872324408511
"2016-12-14",3,134.791576769004
"2016-12-14",4,175.355286089778
"2016-12-14",5,194.514541613231
"2016-12-14",6,183.71577489249
"2016-12-15",1,149.643465447468
"2016-12-15",2,230.244006494263
"2016-12-15",3,148.094371635179
"2016-12-15",4,184.992494166396
"2016-12-15",5,204.753270565979
"2016-12-15",6,195.865722056089
"2016-12-18",1,146.287099514248
"2016-12-18",2,236.773008555705
"2016-12-18",3,148.225384008861
"2016-12-18",4,197.690796112762
"2016-12-18",5,198.520537540633
"2016-12-18",6,208.072075659631
"2016-12-19",1,147.658164029452
"2016-12-19",2,232.791909737752
"2016-12-19",3,147.076506270418
"2016-12-19",4,191.009929644188
"2016-12-19",5,200.512881259846
"2016-12-19",6,208.060794371643
"2016-12-23",1,141.285456162782
"2016-12-23",2,233.986239383138
"2016-12-23",3,153.193776333879
"2016-12-23",4,198.319309682976
"2016-12-23",5,205.616264369489
"2016-12-23",6,208.737671650952
"2016-12-30",1,146.7697142236
"2016-12-30",2,228.617443262928
"2016-12-30",3,155.027949565427
"2016-12-30",4,189.170945494302
"2016-12-30",5,212.626757242442
"2016-12-30",6,203.029339928778
"2017-01-01",1,150.59772635005
"2017-01-01",2,233.883868270676
"2017-01-01",3,159.81494014227
"2017-01-01",4,192.90710949502
"2017-01-01",5,217.410513017451
"2017-01-01",6,208.387951723309
"2017-01-02",1,157.244647119761
"2017-01-02",2,231.062975393956
"2017-01-02",3,165.035279339754
"2017-01-02",4,199.425028000946
"2017-01-02",5,217.303970572573
"2017-01-02",6,213.780407381805
"2017-01-03",1,165.745247114028
"2017-01-03",2,243.176890368582
"2017-01-03",3,173.934042875233
"2017-01-03",4,213.38035708774
"2017-01-03",5,226.487929321032
"2017-01-03",6,232.078656499129
"2017-01-05",1,167.686674467558
"2017-01-05",2,236.81850682791
"2017-01-05",3,172.865788135979
"2017-01-05",4,211.704320900502
"2017-01-05",5,227.489428302882
"2017-01-05",6,223.956129147419
"2017-01-06",1,173.247712141227
"2017-01-06",2,239.229915254784
"2017-01-06",3,178.811734326163
"2017-01-06",4,217.826508639997
"2017-01-06",5,227.69185894815
"2017-01-06",6,230.081868525167
"2017-01-10",1,160.677792665833
"2017-01-10",2,236.374898673909
"2017-01-10",3,167.060932194376
"2017-01-10",4,199.436667141135
"2017-01-10",5,224.165304022698
"2017-01-10",6,222.523405572881
"2017-01-12",1,164.604521437378
"2017-01-12",2,243.518127410121
"2017-01-12",3,169.267986797173
"2017-01-12",4,203.452170506393
"2017-01-12",5,230.792244094091
"2017-01-12",6,229.562929277696
"2017-01-19",1,170.231370207777
"2017-01-19",2,235.965414224063
"2017-01-19",3,166.365558826371
"2017-01-19",4,195.758698841363
"2017-01-19",5,222.013146636168
"2017-01-19",6,253.310040493459
"2017-01-21",1,166.315609952353
"2017-01-21",2,238.183454994065
"2017-01-21",3,166.516726949851
"2017-01-21",4,199.192245197163
"2017-01-21",5,225.848674651765
"2017-01-21",6,261.150535645456
"2017-01-24",1,167.390524532274
"2017-01-24",2,238.75218339663
"2017-01-24",3,167.826850686671
"2017-01-24",4,197.481291589357
"2017-01-24",5,224.921755381329
"2017-01-24",6,251.256846079554
"2017-01-25",1,174.289721172782
"2017-01-25",2,237.409984366577
"2017-01-25",3,171.374262650984
"2017-01-25",4,201.473516674237
"2017-01-25",5,227.286997657614
"2017-01-25",6,257.642055081037
"2017-01-26",1,167.884107757747
"2017-01-26",2,237.569228319295
"2017-01-26",3,169.923048665583
"2017-01-26",4,201.089425047995
"2017-01-26",5,224.399697401428
"2017-01-26",6,259.774218510861
"2017-01-27",1,171.558560658495
"2017-01-27",2,238.342698946783
"2017-01-27",3,173.389837630707
"2017-01-27",4,204.488053983227
"2017-01-27",5,226.093722274984
"2017-01-27",6,263.982138930566
"2017-02-01",1,168.794494595843
"2017-02-01",2,238.558815739758
"2017-02-01",3,167.816772811772
"2017-02-01",4,197.201952224818
"2017-02-01",5,223.984181866405
"2017-02-01",6,256.198050218511
"2017-02-02",1,168.202194725275
"2017-02-02",2,236.943627076474
"2017-02-02",3,168.542379804473
"2017-02-02",4,201.659742917263
"2017-02-02",5,222.940065906604
"2017-02-02",6,266.035333344471
"2017-02-03",1,174.739430333769
"2017-02-03",2,242.824278758992
"2017-02-03",3,176.57444609867
"2017-02-03",4,204.231992899066
"2017-02-03",5,229.844016334679
"2017-02-03",6,266.26095910424
"2017-02-04",1,172.501853044956
"2017-02-04",2,243.051770120018
"2017-02-04",3,173.349526131113
"2017-02-04",4,204.488053983227
"2017-02-04",5,232.102716166087
"2017-02-04",6,272.285166890092
"2017-02-05",1,182.285769425454
"2017-02-05",2,247.385480547561
"2017-02-05",3,178.670644077583
"2017-02-05",4,204.441497422471
"2017-02-05",5,231.953556743258
"2017-02-05",6,271.867759234518
"2017-02-07",1,183.185187747428
"2017-02-07",2,242.437543445248
"2017-02-07",3,172.724697887399
"2017-02-07",4,201.880886580857
"2017-02-07",5,232.699353857402
"2017-02-07",6,263.169886195395
"2017-02-08",1,194.60341303005
"2017-02-08",2,247.271734867048
"2017-02-08",3,183.800282400979
"2017-02-08",4,214.75377563006
"2017-02-08",5,239.528724574063
"2017-02-08",6,280.148224618066
"2017-02-25",1,185.587292778066
"2017-02-25",2,247.772215861304
"2017-02-25",3,181.442059674703
"2017-02-25",4,203.440531366204
"2017-02-25",5,231.410190274382
"2017-02-25",6,268.009558742456
"2017-02-26",1,191.729661806182
"2017-02-26",2,250.729603554641
"2017-02-26",3,188.990387973767
"2017-02-26",4,214.392962284197
"2017-02-26",5,233.818049528618
"2017-02-26",6,278.072467628185
"2017-03-03",1,197.455227221675
"2017-03-03",2,188.123981000327
"2017-03-03",3,190.612925832444
"2017-03-03",4,224.228035744031
"2017-03-03",5,239.976202842549
"2017-03-03",6,223.956129147419
"2017-03-04",1,194.120798320698
"2017-03-04",2,189.796042503867
"2017-03-04",3,190.57261433285
"2017-03-04",4,216.883738284675
"2017-03-04",5,230.717664382677
"2017-03-04",6,217.999609089498
"2017-03-05",1,191.565134064357
"2017-03-05",2,188.294599521096
"2017-03-05",3,190.068720587919
"2017-03-05",4,215.649989424625
"2017-03-05",5,229.311304110291
"2017-03-05",6,217.931921361568
"2017-03-08",1,203.016264895344
"2017-03-08",2,195.244460600436
"2017-03-08",3,186.289517500937
"2017-03-08",4,221.271694135986
"2017-03-08",5,231.676546386576
"2017-03-08",6,215.495163156055
"2017-03-09",1,207.184301021566
"2017-03-09",2,197.269133713566
"2017-03-09",3,191.509856698421
"2017-03-09",4,223.401656790601
"2017-03-09",5,231.793743075941
"2017-03-09",6,220.278429263173
"2017-03-14",1,213.282795985195
"2017-03-14",2,204.855970603778
"2017-03-14",3,197.224011765937
"2017-03-14",4,228.581074174774
"2017-03-14",5,233.136177881401
"2017-03-14",6,223.121313836271
"2017-03-16",1,202.818831605155
"2017-03-16",2,195.574323073923
"2017-03-16",3,193.253329055882
"2017-03-16",4,228.348291370991
"2017-03-16",5,230.770935605115
"2017-03-16",6,221.158369726274
"2017-03-17",1,191.795472902912
"2017-03-17",2,188.32872322525
"2017-03-17",3,188.939998599274
"2017-03-17",4,219.421070845911
"2017-03-17",5,225.326616671865
"2017-03-17",6,218.101140681395
"2017-03-18",1,196.139005287079
"2017-03-18",2,195.358206280949
"2017-03-18",3,194.603764292296
"2017-03-18",4,223.715913575708
"2017-03-18",5,231.94290249877
"2017-03-18",6,220.165616383288
"2017-03-19",1,198.617889930569
"2017-03-19",2,200.237895974953
"2017-03-19",3,197.304634765126
"2017-03-19",4,224.030170360815
"2017-03-19",5,233.530384927448
"2017-03-19",6,226.85542016046
"2017-03-21",1,201.51357818668
"2017-03-21",2,196.871023831771
"2017-03-21",3,193.676599801624
"2017-03-21",4,226.974872828671
"2017-03-21",5,237.280678987143
"2017-03-21",6,223.978691723396
"2017-03-23",1,199.96701741353
"2017-03-23",2,186.611163449505
"2017-03-23",3,190.915262079403
"2017-03-23",4,209.632553946833
"2017-03-23",5,228.064757505222
"2017-03-23",6,219.635395847829
"2017-03-24",1,209.992241148704
"2017-03-24",2,200.488136472082
"2017-03-24",3,219.929463912521
"2017-03-24",4,210.936137648018
"2017-03-24",5,236.630770073389
"2017-03-24",6,228.220456007067
"2017-03-25",1,209.279287600798
"2017-03-25",2,189.011197308327
"2017-03-25",3,192.850214059937
"2017-03-25",4,201.357125272345
"2017-03-25",5,234.766277288029
"2017-03-25",6,226.968233040345
"2017-03-28",1,206.054543861037
"2017-03-28",2,197.212260873309
"2017-03-28",3,188.496572103735
"2017-03-28",4,204.069044936418
"2017-03-28",5,231.676546386576
"2017-03-28",6,221.688590261733
"2017-04-02",1,213.513134823749
"2017-04-02",2,204.332740473418
"2017-04-02",3,197.103077267154
"2017-04-02",4,224.740157912354
"2017-04-02",5,247.157163627307
"2017-04-02",6,239.558150435495
"2017-05-03",1,201.469704122194
"2017-05-03",2,204.093874544341
"2017-05-03",3,188.496572103735
"2017-05-03",4,213.811005274739
"2017-05-03",5,235.437494690759
"2017-05-03",6,227.284109104022
"2017-05-12",1,210.255485535624
"2017-05-12",2,209.667412889475
"2017-05-12",3,192.638578687066
"2017-05-12",4,225.415228043324
"2017-05-12",5,241.446488581862
"2017-05-12",6,234.436445688722
"2017-05-13",1,219.052235465175
"2017-05-13",2,210.236141292039
"2017-05-13",3,195.409994284186
"2017-05-13",4,225.031136417082
"2017-05-13",5,255.424857349817
"2017-05-13",6,245.221357005715
"2017-06-10",1,210.4967928903
"2017-06-10",2,205.413324438291
"2017-06-10",3,198.161254131508
"2017-06-10",4,222.912812902657
"2017-06-10",5,217.240045105646
"2017-06-10",6,228.107643127182
"2017-06-11",1,220.532985141596
"2017-06-11",2,197.030267784489
"2017-06-11",3,205.810361179559
"2017-06-11",4,226.43947237997
"2017-06-11",5,224.943063870305
"2017-06-11",6,231.898155891313
"2017-06-16",1,214.171245791047
"2017-06-16",2,200.078652022235
"2017-06-16",3,202.182326216057
"2017-06-16",4,225.985545912593
"2017-06-16",5,218.486591710716
"2017-06-16",6,229.032708742238
"2017-07-03",1,219.260637271486
"2017-07-03",2,213.204903553427
"2017-07-03",3,209.982601387586
"2017-07-03",4,237.554851260611
"2017-07-03",5,221.949221169241
"2017-07-03",6,232.157625515048
"2017-08-03",1,201.261302315883
"2017-08-03",2,205.333702461932
"2017-08-03",3,189.826851590352
"2017-08-03",4,211.727599180881
"2017-08-03",5,204.167287119152
"2017-08-03",6,224.091504603281
"2017-08-21",1,196.171910835444
"2017-08-21",2,198.417965086746
"2017-08-21",3,177.592311463431
"2017-08-21",4,193.256283700695
"2017-08-21",5,202.920740514083
"2017-08-21",6,215.38235027617
"2017-09-12",1,170.648173820399
"2017-09-12",2,187.850991367096
"2017-09-12",3,181.472293299398
"2017-09-12",4,194.815928486041
"2017-09-12",5,201.35456657438
"2017-09-12",6,211.625681376004
"2017-09-27",1,174.936863623959
"2017-09-27",2,178.137110251292
"2017-09-27",3,172.180492642873
"2017-09-27",4,188.449318802575
"2017-09-27",5,196.837166911565
"2017-09-27",6,203.333934704467
"2017-10-04",1,176.077589300609
"2017-10-04",2,181.560855234731
"2017-10-04",3,172.593685513717
"2017-10-04",4,195.549194317958
"2017-10-04",5,203.048591447936
"2017-10-04",6,214.852129740711
"2017-10-08",1,167.895076273869
"2017-10-08",2,175.873571209085
"2017-10-08",3,163.201106108206
"2017-10-08",4,182.676305268755
"2017-10-08",5,191.392847978315
"2017-10-08",6,195.098594472872
"2017-10-10",1,171.558560658495
"2017-10-10",2,183.983638229656
"2017-10-10",3,168.814482426735
"2017-10-10",4,186.982787138741
"2017-10-10",5,195.931556130105
"2017-10-10",6,199.272671028612
"2017-10-11",1,173.302554721835
"2017-10-11",2,176.612918132419
"2017-10-11",3,159.794784392473
"2017-10-11",4,179.836355062602
"2017-10-11",5,195.729125484837
"2017-10-11",6,194.342748177644
"2017-10-15",1,164.01222156681
"2017-10-15",2,176.4536741797
"2017-10-15",3,161.316543502164
"2017-10-15",4,181.896482876082
"2017-10-15",5,189.560317926418
"2017-10-15",6,195.200126064769
"2017-10-25",1,171.229505174846
"2017-10-25",2,183.733397732528
"2017-10-25",3,165.347693461611
"2017-10-25",4,194.129219214881
"2017-10-25",5,195.036599593132
"2017-10-25",6,202.239649769584
"2017-10-26",1,170.077810982074
"2017-10-26",2,181.867968572116
"2017-10-26",3,158.666062403828
"2017-10-26",4,189.997324447732
"2017-10-26",5,191.371539489339
"2017-10-26",6,201.30330286654
"2017-11-05",1,172.326356787009
"2017-11-05",2,173.63278130298
"2017-11-05",3,160.117276389229
"2017-11-05",4,184.561845979398
"2017-11-05",5,191.243688555486
"2017-11-05",6,197.35485207057
"2017-11-16",1,158.527963505992
"2017-11-16",2,173.109551172621
"2017-11-16",3,155.763634433026
"2017-11-16",4,175.087585865427
"2017-11-16",5,188.494893477641
"2017-11-16",6,190.586079277478
"2017-11-17",1,168.476407628315
"2017-11-17",2,183.289789578527
"2017-11-17",3,164.299594472155
"2017-11-17",4,184.445454577506
"2017-11-17",5,196.251183464738
"2017-11-17",6,202.690901289123
"2017-11-18",1,163.036023631984
"2017-11-18",2,178.55796926919
"2017-11-18",3,160.671559508653
"2017-11-18",4,178.428019099714
"2017-11-18",5,189.858636772076
"2017-11-18",6,193.959184386035
"2017-11-20",1,156.542662087976
"2017-11-20",2,170.755015586003
"2017-11-20",3,153.173620584082
"2017-11-20",4,175.18069898694
"2017-11-20",5,189.805365549637
"2017-11-20",6,187.980101752138
"2017-11-27",1,161.346872149253
"2017-11-27",2,171.221372876106
"2017-11-27",3,157.406328041501
"2017-11-27",4,171.770430911519
"2017-11-27",5,187.173767161157
"2017-11-27",6,189.683576238399
"2017-11-30",1,165.185852791825
"2017-11-30",2,172.540822770056
"2017-11-30",3,157.668352788865
"2017-11-30",4,177.52016616496
"2017-11-30",5,192.298458759775
"2017-11-30",6,198.76501306913
"2017-12-02",1,165.15294724346
"2017-12-02",2,175.168347989904
"2017-12-02",3,159.351357896934
"2017-12-02",4,175.099225005616
"2017-12-02",5,190.540508419293
"2017-12-02",6,194.782718409195
"2017-12-04",1,158.330530215803
"2017-12-04",2,175.475461327289
"2017-12-04",3,160.520391385173
"2017-12-04",4,177.997370912715
"2017-12-04",5,186.470587024964
"2017-12-04",6,190.856830189202
"2017-12-09",1,160.765540794806
"2017-12-09",2,170.573022497182
"2017-12-09",3,156.529552925321
"2017-12-09",4,185.21363782999
"2017-12-09",5,191.328922511388
"2017-12-09",6,193.067962634945
"2017-12-15",1,154.228305186311
"2017-12-15",2,169.640307916976
"2017-12-15",3,152.558870215266
"2017-12-15",4,177.287383361177
"2017-12-15",5,187.024607738329
"2017-12-15",6,186.682753633462
"2017-12-22",1,164.275465953729
"2017-12-22",2,172.472575361748
"2017-12-22",3,157.446639541095
"2017-12-22",4,183.083675175375
"2017-12-22",5,191.680512579484
"2017-12-22",6,194.545811361437
"2017-12-25",1,156.345228797787
"2017-12-25",2,170.493400520823
"2017-12-25",3,155.471376060966
"2017-12-25",4,174.843163921455
"2017-12-25",5,188.984988724078
"2017-12-25",6,185.171061043005
"2017-12-26",1,155.007069830948
"2017-12-26",2,171.983468935543
"2017-12-26",3,157.547418290081
"2017-12-26",4,176.600674090017
"2017-12-26",5,185.831332355698
"2017-12-26",6,188.544166151562
"2017-12-27",1,156.663315765314
"2017-12-27",2,172.301956840979
"2017-12-27",3,156.590020174713
"2017-12-27",4,180.278642389789
"2017-12-27",5,187.269655361547
"2017-12-27",6,193.891496658104
"2017-12-30",1,161.818518342483
"2017-12-30",2,171.369242260773
"2017-12-30",3,155.239584938298
"2017-12-30",4,179.009976109172
"2017-12-30",5,194.37603643489
"2017-12-30",6,189.582044646503
"2018-01-09",1,157.628545184018
"2018-01-09",2,173.052678332364
"2018-01-09",3,156.630331674307
"2018-01-09",4,169.233098350283
"2018-01-09",5,189.464429726028
"2018-01-09",6,193.237181954772
"2018-01-10",1,165.646530468934
"2018-01-10",2,171.937970663337
"2018-01-10",3,161.487867375441
"2018-01-10",4,176.740343772287
"2018-01-10",5,188.633398655982
"2018-01-10",6,191.082455948971
"2018-01-11",1,160.293894601576
"2018-01-11",2,177.761749505599
"2018-01-11",3,161.41732225115
"2018-01-11",4,181.302886726435
"2018-01-11",5,188.622744411494
"2018-01-11",6,195.673940160285
"2018-01-12",1,162.948275503011
"2018-01-12",2,178.523845565036
"2018-01-12",3,160.258366637809
"2018-01-12",4,180.639455735653
"2018-01-12",5,193.545005364844
"2018-01-12",6,203.469310160329
"2018-01-23",1,160.721666730319
"2018-01-23",2,180.264154476883
"2018-01-23",3,154.403121321713
"2018-01-23",4,166.334952443184
"2018-01-23",5,187.205729894621
"2018-01-23",6,187.337068336794
"2018-01-25",1,164.900671372662
"2018-01-25",2,183.210167602168
"2018-01-25",3,158.555205779943
"2018-01-25",4,171.374700145087
"2018-01-25",5,192.426309693628
"2018-01-25",6,193.214619378795
"2018-01-28",1,162.915369954646
"2018-01-28",2,183.57415377981
"2018-01-28",3,155.098494689717
"2018-01-28",4,171.20011304225
"2018-01-28",5,189.507046703979
"2018-01-28",6,192.334678915693
"2018-01-31",1,175.562069042892
"2018-01-31",2,182.459446110783
"2018-01-31",3,155.652777809141
"2018-01-31",4,167.033300854533
"2018-01-31",5,188.995642968566
"2018-01-31",6,190.394297381674
"2018-02-01",1,167.97185588672
"2018-02-01",2,187.145768147915
"2018-02-01",3,159.341280022035
"2018-02-01",4,172.561892444381
"2018-02-01",5,193.811361477039
"2018-02-01",6,196.452349031491
"2018-02-02",1,169.167424143978
"2018-02-02",2,185.496455780478
"2018-02-02",3,158.202480158491
"2018-02-02",4,169.815055359741
"2018-02-02",5,193.140144074309
"2018-02-02",6,193.079243922933
"2018-02-19",1,167.017594984138
"2018-02-19",2,194.675732197871
"2018-02-19",3,166.063222579413
"2018-02-19",4,175.727738575831
"2018-02-19",5,208.929734405185
"2018-02-19",6,206.695758525036
"2018-02-20",1,172.501853044956
"2018-02-20",2,190.933499308996
"2018-02-20",3,163.392585731279
"2018-02-20",4,173.784002164242
"2018-02-20",5,200.768583127553
"2018-02-20",6,197.783541014132
"2018-02-22",1,172.030206851725
"2018-02-22",2,187.919238775403
"2018-02-22",3,170.326163661528
"2018-02-22",4,175.902325678668
"2018-02-22",5,199.937552057507
"2018-02-22",6,198.663481477234
"2018-02-26",1,180.015286588276
"2018-02-26",2,191.50222771156
"2018-02-26",3,166.415948200864
"2018-02-26",4,180.115694427141
"2018-02-26",5,203.932893740421
"2018-02-26",6,200.513612707346
"2018-03-05",1,176.998944654826
"2018-03-05",2,194.891848990846
"2018-03-05",3,163.644532603745
"2018-03-05",4,180.360116371113
"2018-03-05",5,201.482417508233
"2018-03-05",6,198.291198973614
"2018-03-10",1,184.687874456092
"2018-03-10",2,198.998068057362
"2018-03-10",3,169.005962049809
"2018-03-10",4,191.324186429296
"2018-03-10",5,203.528032449885
"2018-03-10",6,208.0043879317
"2018-03-13",1,196.149973803201
"2018-03-13",2,195.653945050282
"2018-03-13",3,169.540089419436
"2018-03-13",4,186.889674017228
"2018-03-13",5,205.307291279343
"2018-03-13",6,206.673195949059
"2018-03-16",1,185.510513165215
"2018-03-16",2,203.934630591623
"2018-03-16",3,173.903809250537
"2018-03-16",4,198.156361720328
"2018-03-16",5,201.951204265695
"2018-03-16",6,208.771515514917
"2018-03-22",1,188.658477292124
"2018-03-22",2,195.426453689256
"2018-03-22",3,172.13010326838
"2018-03-22",4,187.110817680822
"2018-03-22",5,198.051750783171
"2018-03-22",6,210.824709928822
"2018-03-23",1,199.594087865394
"2018-03-23",2,194.379993428537
"2018-03-23",3,172.13010326838
"2018-03-23",4,190.008963587921
"2018-03-23",5,195.85697641869
"2018-03-23",6,212.832779190772
"2018-03-25",1,184.786591101187
"2018-03-25",2,199.020817193465
"2018-03-25",3,187.136058992421
"2018-03-25",4,208.969122956051
"2018-03-25",5,188.697324122909
"2018-03-25",6,216.995574458523
"2018-04-02",1,195.107964771646
"2018-04-02",2,210.827618830706
"2018-04-02",3,182.167666667403
"2018-04-02",4,191.941060859321
"2018-04-02",5,207.928235423335
"2018-04-02",6,219.127737888347
"2018-04-03",1,185.718914971526
"2018-04-03",2,198.588583607516
"2018-04-03",3,168.008252434846
"2018-04-03",4,180.592899174897
"2018-04-03",5,198.307452650878
"2018-04-03",6,207.801324747907
"2018-04-06",1,184.128480133889
"2018-04-06",2,196.68903074295
"2018-04-06",3,164.692631593201
"2018-04-06",4,178.905223847469
"2018-04-06",5,199.77773839019
"2018-04-06",6,206.28963215745
"2018-04-27",1,174.969769172323
"2018-04-27",2,194.516488245153
"2018-04-27",3,169.499777919841
"2018-04-27",4,175.017751024292
"2018-04-27",5,195.452115128155
"2018-04-27",6,198.043010637867
