"Date","Ring","twig_flux","bark_flux","seed_flux","leaf_flux","Start_date","End_date","Days"
2012-10-09,"1",210.0050530571,20.4143506821627,117.635169277413,627.993936331481,2012-09-14,2012-10-09,26
2012-10-09,"2",74.9873673572511,56.9984840828701,29.5098534613441,855.987872662961,2012-09-14,2012-10-09,26
2012-10-09,"3",97.8271854471956,65.0833754421425,78.4234461849419,940.070742799394,2012-09-14,2012-10-09,26
2012-10-09,"4",34.967155128853,29.3077311773623,74.9873673572511,636.280949974735,2012-09-14,2012-10-09,26
2012-10-09,"5",74.1788782213239,38.2011116725619,210.813542193027,853.966649823143,2012-09-14,2012-10-09,26
2012-10-09,"6",71.955533097524,34.7650328448712,98.8377968671046,956.846892369884,2012-09-14,2012-10-09,26
2012-11-13,"1",418.526016681651,139.049303399986,53.4152978569351,631.375109646964,2012-10-09,2012-11-13,36
2012-11-13,"2",116.378904908465,5.80226578205355,50.9188470279931,674.487420950281,2012-10-09,2012-11-13,36
2012-11-13,"3",195.056753924869,59.1410021677834,82.0602254407206,915.161140022181,2012-10-09,2012-11-13,36
2012-11-13,"4",90.8374512467489,14.88847181116,59.5839649654708,762.060072317778,2012-10-09,2012-11-13,36
2012-11-13,"5",156.054153022319,6.06202791649987,105.649361586704,908.549510115958,2012-10-09,2012-11-13,36
2012-11-13,"6",65.6186494993974,43.8587856475679,38.2205801609541,697.86601305045,2012-10-09,2012-11-13,36
2012-12-11,"1",211.258391684112,25.9420342164152,192.986176279506,625.315816068722,2012-11-13,2012-12-11,29
2012-12-11,"2",283.896087490074,108.505377896485,81.6610120551505,760.214393994081,2012-11-13,2012-12-11,29
2012-12-11,"3",553.806034793907,48.8386991987295,69.8179094780914,624.639067350033,2012-11-13,2012-12-11,29
2012-12-11,"4",353.150039702592,84.9319641954811,82.2249693207248,496.733559517794,2012-11-13,2012-12-11,29
2012-12-11,"5",640.993828051686,134.898577925359,256.600555836281,1008.35559084675,2012-11-13,2012-12-11,29
2012-12-11,"6",657.912546018913,264.383166101206,99.4820616472966,956.020356601458,2012-11-13,2012-12-11,29
2013-01-08,"1",355.180285858659,133.99624630044,81.0970547895763,267.202952429077,2012-12-11,2013-01-08,29
2013-01-08,"2",346.495343968815,273.744856709738,43.3119179961019,489.289323612214,2012-12-11,2013-01-08,29
2013-01-08,"3",223.77824297986,134.560203566015,41.9584205587237,597.343535696239,2012-12-11,2013-01-08,29
2013-01-08,"4",249.269111383816,157.569660001444,45.4549556052841,355.518660218003,2012-12-11,2013-01-08,29
2013-01-08,"5",460.301920161698,354.05237132751,128.131090738468,694.908142640583,2012-12-11,2013-01-08,29
2013-01-08,"6",320.102143939941,161.066195048004,40.3793402151159,653.288096441204,2012-12-11,2013-01-08,29
2013-02-20,"1",89.6036288000752,141.015546964053,49.2085502426643,189.709978025077,2013-01-08,2013-02-20,44
2013-02-20,"2",215.856610691329,180.455832755561,56.7000011751296,246.556870394961,2013-01-08,2013-02-20,44
2013-02-20,"3",99.4453388486081,183.467102248023,35.5476691305216,152.105832167997,2013-01-08,2013-02-20,44
2013-02-20,"4",156.292231218492,58.4626955121802,35.7753504823907,172.009589057194,2013-01-08,2013-02-20,44
2013-02-20,"5",173.772283394244,306.121249867798,68.179548045172,271.528373503179,2013-01-08,2013-02-20,44
2013-02-20,"6",225.257647155599,145.569174001434,18.6258034948353,318.01943664289,2013-01-08,2013-02-20,44
2013-03-14,"1",146.751751981666,52.6334594045559,54.5704646260483,430.775669785271,2013-02-20,2013-03-14,23
2013-03-14,"2",107.44126459134,87.9614742676895,43.1270767299064,519.567836015537,2013-02-20,2013-03-14,23
2013-03-14,"3",205.709188907774,73.18511032508,102.415004006717,475.1111417357,2013-02-20,2013-03-14,23
2013-03-14,"4",52.824863082569,17.5108844891563,38.2577671612538,472.310267914108,2013-02-20,2013-03-14,23
2013-03-14,"5",136.26665850011,156.873178474998,132.543218950495,313.215530749639,2013-02-20,2013-03-14,23
2013-03-14,"6",104.382633816691,186.91845182497,107.492305572144,261.583750593351,2013-02-20,2013-03-14,23
2013-04-09,"1",48.8008706806079,10.274549435742,69.5184047887434,446.290753769278,2013-03-14,2013-04-09,27
2013-04-09,"2",168.313229076241,19.6799298618399,56.9127548662668,524.819364005822,2013-03-14,2013-04-09,27
2013-04-09,"3",84.8935186984707,60.9886716506221,149.131046932967,183.537183158204,2013-03-14,2013-04-09,27
2013-04-09,"4",18.6779561463745,32.2305144184881,93.3217588093788,223.321370112679,2013-03-14,2013-04-09,27
2013-04-09,"5",136.453056235775,100.274031173475,118.332232026017,366.170646488989,2013-03-14,2013-04-09,27
2013-04-09,"6",97.6103790656595,6.79463425799959,36.7134830247513,277.005782943125,2013-03-14,2013-04-09,27
2013-05-13,"1",182.37160115857,107.229669701804,24.7830983496649,281.251341702253,2013-04-09,2013-05-13,35
2013-05-13,"2",38.2174597984722,27.2691694161242,33.0438559119117,180.467622454068,2013-04-09,2013-05-13,35
2013-05-13,"3",89.1930631103713,40.4459240324056,46.2709759666036,114.508714046508,2013-04-09,2013-05-13,35
2013-05-13,"4",150.022127766384,150.808158870757,42.2095400396979,113.804423571686,2013-04-09,2013-05-13,35
2013-05-13,"5",55.8313269724262,3.60154167781312,57.5206333164898,174.662386430065,2013-04-09,2013-05-13,35
2013-05-13,"6",51.1944039869611,61.5061082543174,16.3671161575629,135.784396291783,2013-04-09,2013-05-13,35
2013-06-14,"1",104.051744708326,167.778163775195,34.5958957947336,193.053976475212,2013-05-13,2013-06-14,33
2013-06-14,"2",110.830385716692,6.97339425074392,23.8932401325024,200.665143731402,2013-05-13,2013-06-14,33
2013-06-14,"3",37.7400202122284,30.0727078771546,29.8674274324855,101.999817528494,2013-05-13,2013-06-14,33
2013-06-14,"4",29.669165122677,31.0131379484588,32.0202403009376,103.298172477682,2013-05-13,2013-06-14,33
2013-06-14,"5",108.642482173937,33.4914168210656,36.9399528381337,132.82697490315,2013-05-13,2013-06-14,33
2013-06-14,"6",52.0728061310426,20.0569521643928,16.671579361069,167.164954241761,2013-05-13,2013-06-14,33
2013-07-08,"1",101.058802612618,26.6385005520933,25.4395691800947,170.011977616829,2013-06-14,2013-07-08,25
2013-07-08,"2",9.26393801583291,5.17587445960362,22.4217711900885,189.907220257144,2013-06-14,2013-07-08,25
2013-07-08,"3",42.2152508749275,10.6324743136264,25.2617764302959,99.3288323695095,2013-06-14,2013-07-08,25
2013-07-08,"4",5.71627084386054,208.953268579342,19.5759175041641,107.679243164337,2013-06-14,2013-07-08,25
2013-07-08,"5",85.4107012520353,7.32459341605375,28.3520951471937,127.87509591451,2013-06-14,2013-07-08,25
2013-07-08,"6",31.7348361499448,22.8101079857017,27.6701663765838,199.060037804353,2013-06-14,2013-07-08,25
2013-08-15,"1",300.235809331312,100.558791285102,146.611792239568,389.923140342012,2013-07-08,2013-08-15,39
2013-08-15,"2",3650.23314982758,71.8664397223478,81.0070063148439,404.076871478004,2013-07-08,2013-08-15,39
2013-08-15,"3",193.768487244725,24.3307654347254,100.20345203585,253.071726815776,2013-07-08,2013-08-15,39
2013-08-15,"4",161.68231341365,187.936786551185,143.246781261728,298.828488604027,2013-07-08,2013-08-15,39
2013-08-15,"5",161.152628919444,78.4235939351495,101.972022020691,304.949040953403,2013-07-08,2013-08-15,39
2013-08-15,"6",276.079389141542,40.8595811577115,80.236488982267,321.56724555198,2013-07-08,2013-08-15,39
2013-09-10,"1",144.446171985333,140.920908859262,195.394591933248,557.151371451523,2013-08-15,2013-09-10,27
2013-09-10,"2",195.09443170383,297.783780982366,112.676695041526,428.307053117563,2013-08-15,2013-09-10,27
2013-09-10,"3",209.096150607015,90.0631848080054,191.555132308038,334.138799272705,2013-08-15,2013-09-10,27
2013-09-10,"4",115.745239545138,137.470145934017,104.501107785595,333.706914050522,2013-08-15,2013-09-10,27
2013-09-10,"5",308.415715439465,54.5438644225911,199.670255632863,490.346285571147,2013-08-15,2013-09-10,27
2013-09-10,"6",305.179815412256,62.8144664274023,51.6685885559054,469.83821579577,2013-08-15,2013-09-10,27
2013-10-09,"1",185.090964707978,42.0681523816162,79.0880877566943,528.835338099857,2013-09-10,2013-10-09,30
2013-10-09,"2",433.360631457894,32.0975607867281,122.961594830006,616.205793010519,2013-09-10,2013-10-09,30
2013-10-09,"3",295.09756659484,59.1352883437008,80.1035392696106,505.696789469506,2013-09-10,2013-10-09,30
2013-10-09,"4",192.411121372108,23.2111500254589,65.6074607129651,522.741661003758,2013-09-10,2013-10-09,30
2013-10-09,"5",187.483906690751,40.6122524050422,149.131009701482,600.808489135927,2013-09-10,2013-10-09,30
2013-10-09,"6",278.577361142572,160.330016901605,73.5548934308322,591.364499660226,2013-09-10,2013-10-09,30
2013-11-11,"1",104.957270192237,48.2277720782016,20.779633968113,274.15642018977,2013-10-09,2013-11-11,34
2013-11-11,"2",359.507998972375,90.3289250939579,88.5212236905011,506.215940778851,2013-10-09,2013-11-11,34
2013-11-11,"3",427.332955630075,11.0282545856068,80.7510850461836,590.150281661146,2013-10-09,2013-11-11,34
2013-11-11,"4",128.938024339742,38.8898246402036,42.9433291990139,437.10645277093,2013-10-09,2013-11-11,34
2013-11-11,"5",701.998934944867,22.9012374035113,101.334211238203,649.138343175736,2013-10-09,2013-11-11,34
2013-11-11,"6",569.778975539461,117.683488072573,27.7569360439497,586.416633915371,2013-10-09,2013-11-11,34
2013-12-12,"1",129.640798274354,40.6825430460698,9.9295288703429,103.620270909061,2013-11-11,2013-12-12,32
2013-12-12,"2",197.773757065677,93.8845331174465,25.5269940105879,168.84817465104,2013-11-11,2013-12-12,32
2013-12-12,"3",131.494491443309,82.8810032220031,14.7661557464488,301.356899777412,2013-11-11,2013-12-12,32
2013-12-12,"4",87.1751961908281,137.586232502205,8.23068745121264,185.845644500227,2013-11-11,2013-12-12,32
2013-12-12,"5",223.884841009815,157.286816229912,28.9473159935596,382.976449856106,2013-11-11,2013-12-12,32
2013-12-12,"6",217.31315008304,286.717523241346,28.1051398103021,298.62571335945,2013-11-11,2013-12-12,32
2014-01-14,"1",91.0298878969925,128.66155236039,9.73691777127856,1220.71651328852,2013-12-12,2014-01-14,34
2014-01-14,"2",95.4593943477218,163.576135279016,24.6357800678165,1301.66325542778,2013-12-12,2014-01-14,34
2014-01-14,"3",120.581765099198,473.832139825066,7.50642691016617,1400.28293717025,2013-12-12,2014-01-14,34
2014-01-14,"4",188.462866835782,696.495015848225,10.3366492957195,1087.03848319816,2013-12-12,2014-01-14,34
2014-01-14,"5",151.53982132254,461.385796656135,45.5608808312194,1672.63846142067,2013-12-12,2014-01-14,34
2014-01-14,"6",141.5893821149,392.192091029888,52.283828686052,1558.64523626019,2013-12-12,2014-01-14,34
2014-02-26,"1",157.593360779137,101.452198993828,4.31598972675626,303.406047738985,2014-01-14,2014-02-26,44
2014-02-26,"2",229.743051393638,215.181237620337,17.5375029541451,598.661919143252,2014-01-14,2014-02-26,44
2014-02-26,"3",141.210749040637,174.189454387346,12.7860624411619,502.757637362853,2014-01-14,2014-02-26,44
2014-02-26,"4",110.255877932764,284.95129087982,3.371316132048,546.232861061821,2014-01-14,2014-02-26,44
2014-02-26,"5",240.17559046996,320.815592141256,13.5257412129687,492.497450621709,2014-01-14,2014-02-26,44
2014-02-26,"6",163.64658370252,260.995621989547,20.6594304799882,710.132750469073,2014-01-14,2014-02-26,44
2014-03-13,"1",94.8926693242004,75.0210544045814,5.49660322272753,162.465143263526,2014-02-26,2014-03-13,16
2014-03-13,"2",56.1357213706885,37.6321748732057,27.3782119663878,352.001572062209,2014-02-26,2014-03-13,16
2014-03-13,"3",22.8510471057212,81.3224037579773,8.10922089345536,232.940317781146,2014-02-26,2014-03-13,16
2014-03-13,"4",36.0937997117886,151.868695375517,7.15475455243015,148.97535231037,2014-02-26,2014-03-13,16
2014-03-13,"5",78.4795912638257,195.266969850093,44.5417625811764,179.804615125484,2014-02-26,2014-03-13,16
2014-03-13,"6",70.9673797091685,116.050006550259,15.4866842587914,309.772986731046,2014-02-26,2014-03-13,16
2014-04-14,"1",189.534757814192,209.712020861907,5.60460730527684,203.746480906663,2014-03-13,2014-04-14,33
2014-04-14,"2",203.920461723093,59.4829696184942,6.47817710965134,264.15546835523,2014-03-13,2014-04-14,33
2014-04-14,"3",85.8545982819606,21.492270401718,5.1981351061142,292.763469555331,2014-03-13,2014-04-14,33
2014-04-14,"4",147.691384537645,96.5311552551794,3.40587891611925,189.354432478525,2014-03-13,2014-04-14,33
2014-04-14,"5",125.885271917635,111.34687657908,25.8465844492168,306.166900896918,2014-03-13,2014-04-14,33
2014-04-14,"6",101.540787645275,69.0768696311268,6.49100713744315,451.682115336028,2014-03-13,2014-04-14,33
2014-05-07,"1",124.199474921458,41.5421710569677,1.21795153459147,111.289463277457,2014-04-14,2014-05-07,24
2014-05-07,"2",96.4900476744953,68.2011665970956,5.45537930882967,164.838137399214,2014-04-14,2014-05-07,24
2014-05-07,"3",158.465518377749,25.2199727574313,3.31606872157655,176.066085198937,2014-04-14,2014-05-07,24
2014-05-07,"4",46.1462200935914,28.5593844058264,0.273249555111277,110.547982072632,2014-04-14,2014-05-07,24
2014-05-07,"5",219.104949798976,52.4007513676209,6.30259024100886,178.662642529165,2014-04-14,2014-05-07,24
2014-05-07,"6",165.951732319793,151.950095568689,4.8498363248896,198.969615747962,2014-04-14,2014-05-07,24
2014-06-12,"1",11.0965484812756,15.6232454662849,5.6688984335523,99.5048705855932,2014-05-07,2014-06-12,37
2014-06-12,"2",13.3984967155129,14.8424779630565,1.36590449722082,146.964130312728,2014-05-07,2014-06-12,37
2014-06-12,"3",12.1396187749144,9.86311127954635,1.89928274661726,212.264366122059,2014-05-07,2014-06-12,37
2014-06-12,"4",52.787778619954,56.1635014878446,1.40889057324126,200.039652461962,2014-05-07,2014-06-12,37
2014-06-12,"5",35.6512478243782,7.01638032676436,5.51449946662175,130.1986833979,2014-05-07,2014-06-12,37
2014-06-12,"6",45.7687664926169,109.581157711527,6.74442760092078,301.993852113862,2014-05-07,2014-06-12,37
2014-07-03,"1",198.967131066676,170.339156380086,3.31757260761809,202.128299525975,2014-06-12,2014-07-03,22
2014-07-03,"2",348.158641930749,209.289804855747,8.29242763300368,278.593385307635,2014-06-12,2014-07-03,22
2014-07-03,"3",424.491385740754,172.528814456556,12.4611997401285,420.331636949879,2014-06-12,2014-07-03,22
2014-07-03,"4",269.988149377993,128.708582978416,6.36895738588513,346.639717028802,2014-06-12,2014-07-03,22
2014-07-03,"5",289.649955484973,301.082497172694,8.10293799177074,356.548822156452,2014-06-12,2014-07-03,22
2014-07-03,"6",552.759330109002,142.23603792199,3.70407132029163,702.059120768065,2014-06-12,2014-07-03,22
2014-08-14,"1",31.2507519430208,27.0774681777714,0.354165162780625,75.7883370629707,2014-07-03,2014-08-14,43
2014-08-14,"2",116.154142303713,62.8774753964244,1.98287374575904,121.462108087298,2014-07-03,2014-08-14,43
2014-08-14,"3",51.3351500276715,69.8675377174619,1.49411078226136,201.262061166053,2014-07-03,2014-08-14,43
2014-08-14,"4",14.6019815202483,10.9340034649534,1.82646959743978,157.072625664718,2014-07-03,2014-08-14,43
2014-08-14,"5",50.4771830409779,43.5976563439929,6.04637382997666,188.594077095214,2014-07-03,2014-08-14,43
2014-08-14,"6",58.7365251810679,55.9708787506918,1.32567554560986,157.205719579393,2014-07-03,2014-08-14,43
2014-09-15,"1",22.4653786634664,57.6907134284993,0.841847208185953,105.423351440121,2014-08-14,2014-09-15,33
2014-09-15,"2",25.5870231177362,164.551027981304,1.84653707680647,104.92495420667,2014-08-14,2014-09-15,33
2014-09-15,"3",24.4194905886812,34.7298983072259,2.25907181657403,143.517677804447,2014-08-14,2014-09-15,33
2014-09-15,"4",11.9388343228903,5.4784218671046,5.25438984335523,104.28147896665,2014-08-14,2014-09-15,33
2014-09-15,"5",47.8875852703386,46.6282686963113,6.87492104598282,145.181633716524,2014-08-14,2014-09-15,33
2014-09-15,"6",89.3117973092471,40.7363251642244,5.82483261748358,141.499415740273,2014-08-14,2014-09-15,33
2014-10-16,"1",108.241373127516,59.9154020440431,0.00101876151200509,297.336753655316,2014-09-15,2014-10-16,32
2014-10-16,"2",157.777632887252,18.1044108298424,8.99260786646889,679.758431270273,2014-09-15,2014-10-16,32
2014-10-16,"3",90.0689963510873,35.8464336361287,1.65097579888367,642.733581639473,2014-09-15,2014-10-16,32
2014-10-16,"4",75.2936070677599,121.913152618625,3.10314756556749,505.494180834243,2014-09-15,2014-10-16,32
2014-10-16,"5",85.544385401555,46.1590653474384,19.0457464669351,534.755048982054,2014-09-15,2014-10-16,32
2014-10-16,"6",73.0716882100768,24.9199253451564,13.5627720093237,2249.97962476976,2014-09-15,2014-10-16,32
2014-11-12,"1",116.297512773005,8.2381206370595,3.2762992907005,344.188048584208,2014-10-16,2014-11-12,28
2014-11-12,"2",137.832659592387,10.0862294836524,1.05739898564557,384.172702262647,2014-10-16,2014-11-12,28
2014-11-12,"3",202.070817659499,8.70482660528138,4.57114517245897,448.710300750473,2014-10-16,2014-11-12,28
2014-11-12,"4",115.088054198716,83.3649149402055,9.8370856961054,346.576553815058,2014-10-16,2014-11-12,28
2014-11-12,"5",332.083436934372,99.0987378051552,2.55059072643711,545.743534626809,2014-10-16,2014-11-12,28
2014-11-12,"6",290.788230119963,61.0390582598769,38.7202197144087,495.218310781727,2014-10-16,2014-11-12,28
2014-12-16,"1",251.358937966293,92.4365767024344,1.62273727075469,327.12507059418,2014-11-12,2014-12-16,35
2014-12-16,"2",192.002236720863,49.5933403679815,6.19742591326576,310.881907083197,2014-11-12,2014-12-16,35
2014-12-16,"3",139.49409981274,200.687178610707,2.29338198139286,285.924077817079,2014-11-12,2014-12-16,35
2014-12-16,"4",231.956684897304,82.4530734476711,2.14754926730672,278.840509169812,2014-11-12,2014-12-16,35
2014-12-16,"5",212.209820765092,60.5781663347502,0.449573462533068,411.189734863122,2014-11-12,2014-12-16,35
2014-12-16,"6",476.271066789525,46.7379915584223,19.0706461968314,719.457799542252,2014-11-12,2014-12-16,35
2015-01-13,"1",113.818983252725,213.223218797372,2.34042265213311,461.716324983758,2014-12-16,2015-01-13,29
2015-01-13,"2",120.613540388364,387.720620082293,4.663926586299,446.851539377752,2014-12-16,2015-01-13,29
2015-01-13,"3",222.447303833105,270.56526564643,3.18974229408792,969.099653504656,2014-12-16,2015-01-13,29
2015-01-13,"4",258.581173752978,337.046803941385,0,382.691249187902,2014-12-16,2015-01-13,29
2015-01-13,"5",106.490922543853,265.387010033928,12.0664296542265,852.484570129214,2014-12-16,2015-01-13,29
2015-01-13,"6",685.528405399553,77.0895744604057,137.807469501191,684.672318270411,2014-12-16,2015-01-13,29
2015-02-11,"1",33.7814291439424,138.109633914725,1.18703281002248,752.371887578192,2015-01-13,2015-02-11,30
2015-02-11,"2",56.6181979752923,206.391246014183,0.163353138993919,727.26995521946,2015-01-13,2015-02-11,30
2015-02-11,"3",48.5158822811939,174.123555958251,1.85133557526441,863.735167534979,2015-01-13,2015-02-11,30
2015-02-11,"4",21.6606262305936,166.38061716994,2.72255231656532,251.988552212019,2015-01-13,2015-02-11,30
2015-02-11,"5",86.7296265965047,433.582791726926,23.2397065742015,641.455106201321,2015-01-13,2015-02-11,30
2015-02-11,"6",98.2623582094754,61.4316704709798,3.87691449878901,434.09463156244,2015-01-13,2015-02-11,30
2015-03-12,"1",557.723554215818,377.044092279277,1.5213622344967,1236.31645205694,2015-02-11,2015-03-12,30
2015-03-12,"2",165.64770608632,304.641624993466,1.78054921503372,1005.85784356432,2015-02-11,2015-03-12,30
2015-03-12,"3",608.086882711824,673.747999312983,2.96960449249136,857.187662575267,2015-02-11,2015-03-12,30
2015-03-12,"4",104.21603561534,253.867113310449,7.83006046244185,958.18050739663,2015-02-11,2015-03-12,30
2015-03-12,"5",189.9949469429,371.619679043753,20.4823055879842,1198.36080570124,2015-02-11,2015-03-12,30
2015-03-12,"6",352.438753463087,120.699456360753,6.20741928176892,464.668894077469,2015-02-11,2015-03-12,30
2015-04-17,"1",124.229759699062,954.352296333726,0,182.769777104037,2015-03-12,2015-04-17,37
2015-04-17,"2",60.1190977485823,133.405971029139,0.614086800291955,225.685671775869,2015-03-12,2015-04-17,37
2015-04-17,"3",65.0581101566448,117.562531581607,2.48266520689462,204.762857223064,2015-03-12,2015-04-17,37
2015-04-17,"4",65.4090168996688,44.5827017011959,0.175453371511987,286.567991690528,2015-03-12,2015-04-17,37
2015-04-17,"5",48.9665295122597,280.474746745591,0,222.003657450853,2015-03-12,2015-04-17,37
2015-04-17,"6",53.5834596597608,248.538473415305,0.66672281174555,109.56185784066,2015-03-12,2015-04-17,37
2015-06-09,"1",31.688865159648,28.900149684899,1.69229742484769,212.955371018334,2015-04-17,2015-06-09,54
2015-06-09,"2",93.4875151353361,24.7945407915185,1.0845004624024,231.00455728546,2015-04-17,2015-06-09,54
2015-06-09,"3",185.479373039557,19.3422445107592,1.3466873873788,131.969405169373,2015-04-17,2015-06-09,54
2015-06-09,"4",31.7305767158943,30.1753315472842,0.434991943710851,152.986070723731,2015-04-17,2015-06-09,54
2015-06-09,"5",38.9466759464948,9.76646295537102,0.959365793663657,126.749501844843,2015-04-17,2015-06-09,54
2015-06-09,"6",150.22714921773,9.83200968661512,1.53140999361217,110.595211990046,2015-04-17,2015-06-09,54
2015-08-24,"1",31.3946105156778,80.9070902369618,9.32904045105183,271.364957049015,2015-06-09,2015-08-24,77
2015-08-24,"2",29.3875162894604,10.3388207760432,0,216.117922395681,2015-06-09,2015-08-24,77
2015-08-24,"3",34.7522339831388,4.99903592989548,0.0831094917688359,179.47910294939,2015-06-09,2015-08-24,77
2015-08-24,"4",58.8248982739821,3.91861253690061,0.0249328475306508,332.0224196165,2015-06-09,2015-08-24,77
2015-08-24,"5",154.030976569772,57.6114996941571,5.40627243956278,185.945021409005,2015-06-09,2015-08-24,77
2015-08-24,"6",50.1773556554347,88.5116087338103,4.57102204728598,297.694044041382,2015-06-09,2015-08-24,77
2015-09-11,"1",28.5813542193027,43.9335242266015,29.932345179945,291.480686092864,2015-08-24,2015-09-11,19
2015-09-11,"2",14.2292684296221,68.2689068553141,0,231.84408511594,2015-08-24,2015-09-11,19
2015-09-11,"3",9.52711807310089,260.337712649486,1.3509909606423,195.718235921621,2015-08-24,2015-09-11,19
2015-09-11,"4",121.185643703329,0.280725394419179,0,196.876228173601,2015-08-24,2015-09-11,19
2015-09-11,"5",13.0010948290382,104.464937398237,5.08814777384762,205.368171354781,2015-08-24,2015-09-11,19
2015-09-11,"6",34.1783167705351,86.884509572736,7.64976699792263,212.789848969738,2015-08-24,2015-09-11,19
2015-10-16,"1",80.1270482927886,19.0121273370389,0.821121778676099,1535.17288673933,2015-09-11,2015-10-16,36
2015-10-16,"2",108.036165451527,156.022161264708,0.622608821193965,1494.9559662167,2015-09-11,2015-10-16,36
2015-10-16,"3",35.1007002093409,14.8704251786617,1.47982386486682,1427.44351404028,2015-09-11,2015-10-16,36
2015-10-16,"4",118.882191583051,6.69530065689742,0.144373059987006,1046.10914603335,2015-09-11,2015-10-16,36
2015-10-16,"5",73.422724319642,159.694650978127,14.789215332419,1643.00151591713,2015-09-11,2015-10-16,36
2015-10-16,"6",186.11492095575,207.834043167545,29.0009384248899,3193.87497293005,2015-09-11,2015-10-16,36
2015-11-23,"1",191.908127443419,99.4488178505891,0.581766442381852,295.977833036355,2015-10-16,2015-11-23,39
2015-11-23,"2",140.687747666285,17.2202866945028,0.606699289912502,466.584997739422,2015-10-16,2015-11-23,39
2015-11-23,"3",183.796641046781,9.87340762213771,0.465413153905481,590.866931730539,2015-10-16,2015-11-23,39
2015-11-23,"4",164.806122177602,189.398220792,1.24664237653254,452.248610409298,2015-10-16,2015-11-23,39
2015-11-23,"5",307.879112257653,20.7108853487939,3.51553150182176,572.940214356001,2015-10-16,2015-11-23,39
2015-11-23,"6",157.924656259142,26.8111220446265,11.3610675247999,289.312451796495,2015-10-16,2015-11-23,39
2015-12-17,"1",429.720397507159,76.0327185447196,1.86857840660266,695.413824322048,2015-11-23,2015-12-17,25
2015-12-17,"2",577.640748694627,45.9643970018528,5.61889422267138,789.88230587839,2015-11-23,2015-12-17,25
2015-12-17,"3",316.079248778845,61.0972502947617,4.67144601650665,823.187742125653,2015-11-23,2015-12-17,25
2015-12-17,"4",565.560784066027,170.369610072427,3.00025265285498,811.370957554321,2015-11-23,2015-12-17,25
2015-12-17,"5",865.204438268486,207.451680141486,14.6328111840997,1010.25612683173,2015-11-23,2015-12-17,25
2015-12-17,"6",375.426351692774,302.328090786593,0.921130200437932,615.499199932626,2015-11-23,2015-12-17,25
2016-01-20,"1",118.291695152038,65.6432987545701,0,351.586882858247,2015-12-17,2016-01-20,35
2016-01-20,"2",299.384344440151,51.8774336414707,0,388.165814582528,2015-12-17,2016-01-20,35
2016-01-20,"3",106.978048925482,166.174984394971,0,617.7269417115,2015-12-17,2016-01-20,35
2016-01-20,"4",83.0596260737746,59.1876467615849,0.715230508575335,261.263487203876,2015-12-17,2016-01-20,35
2016-01-20,"5",295.947522515828,100.225158279583,2.51723984186904,462.484766519038,2015-12-17,2016-01-20,35
2016-01-20,"6",158.827616443242,323.590717236869,0.715230508575335,263.260559403145,2015-12-17,2016-01-20,35
2016-02-22,"1",104.410706356133,62.866538043395,0.0765614712052307,495.257016858836,2016-01-20,2016-02-22,34
2016-02-22,"2",118.392745034989,45.5540753671123,0,714.931018114444,2016-01-20,2016-02-22,34
2016-02-22,"3",300.896152020457,279.688624496608,0.00957018390065384,535.078552069457,2016-01-20,2016-02-22,34
2016-02-22,"4",264.950541289601,60.655825562344,0.440228459430076,916.584363085121,2016-01-20,2016-02-22,34
2016-02-22,"5",285.402024285299,78.5903501921693,1.11014133247584,569.885310916135,2016-01-20,2016-02-22,34
2016-02-22,"6",474.910805886046,85.9881023473747,0.239254597516346,479.896871698287,2016-01-20,2016-02-22,34
2016-03-10,"1",140.370953838837,67.417441964153,0.668786969057456,523.437267782302,2016-02-22,2016-03-10,18
2016-03-10,"2",71.4301637784978,117.632196890884,0.575899890021699,574.896709568112,2016-02-22,2016-03-10,18
2016-03-10,"3",154.155396367744,147.393217013941,0.0743096632286063,682.961537318313,2016-02-22,2016-03-10,18
2016-03-10,"4",52.2025384180959,71.2072347888119,3.54828641916595,742.669351722498,2016-02-22,2016-03-10,18
2016-03-10,"5",276.803495526558,134.593377522813,29.2222750646494,1386.28392236126,2016-02-22,2016-03-10,18
2016-03-10,"6",299.022084831912,104.405076836192,34.4982611538804,677.945635050382,2016-02-22,2016-03-10,18
2016-04-05,"1",53.8830800326505,185.444766198935,0.145761262486882,404.949080732305,2016-03-10,2016-04-05,27
2016-04-05,"2",74.6176196214094,82.5859019706923,0.277640499975012,456.32992575893,2016-03-10,2016-04-05,27
2016-04-05,"3",274.371283087807,65.2646052785012,0,403.309266529327,2016-03-10,2016-04-05,27
2016-04-05,"4",80.0958137365414,15.9244179266918,1.57908034360788,482.72486104093,2016-03-10,2016-04-05,27
2016-04-05,"5",249.676895868154,147.874800792941,0.923154662416916,543.483013954212,2016-03-10,2016-04-05,27
2016-04-05,"6",148.749368367863,44.7851478990943,3.38894935281999,858.752477941462,2016-03-10,2016-04-05,27
2016-05-13,"1",135.983750432169,75.7127470014096,2.44341905800378,324.783582883434,2016-04-05,2016-05-13,39
2016-05-13,"2",116.602616951677,35.4212653918779,0.390614611313529,366.836985718465,2016-04-05,2016-05-13,39
2016-05-13,"3",171.346839179809,56.5809419962235,3.03349644956251,207.840217015505,2016-04-05,2016-05-13,39
2016-05-13,"4",115.031847557246,40.9314246961517,5.71793303369591,255.902436105423,2016-04-05,2016-05-13,39
2016-05-13,"5",137.604385521662,52.3174250684822,25.0159570224196,418.547711497035,2016-04-05,2016-05-13,39
2016-05-13,"6",209.286322172283,116.627549799207,3.63188479029813,339.028549772612,2016-04-05,2016-05-13,39
2016-06-28,"1",265.079530724784,49.1505920864732,0.219698134762836,288.099775907903,2016-05-13,2016-06-28,47
2016-06-28,"2",153.96719906848,3.98889425928774,0.0343278335566931,360.538370279236,2016-05-13,2016-06-28,47
2016-06-28,"3",75.6585451589516,64.6599072873871,0.267757101742206,222.780774216227,2016-05-13,2016-06-28,47
2016-06-28,"4",149.525177406244,101.404420326471,1.1740119076389,435.02976909726,2016-05-13,2016-06-28,47
2016-06-28,"5",136.542390755103,41.9211503394336,8.0533097524002,376.212459081222,2016-05-13,2016-06-28,47
2016-06-28,"6",95.0125777182152,193.210778390491,8.53389942219391,363.497429531823,2016-05-13,2016-06-28,47
2016-07-26,"1",347.533025337472,230.530691306336,0.105272022907192,194.016338217955,2016-06-28,2016-07-26,29
2016-07-26,"2",100.352167142754,132.114240339895,0,208.812428457993,2016-06-28,2016-07-26,29
2016-07-26,"3",210.435014076373,181.199469429005,0.0676748718689093,308.371832815997,2016-06-28,2016-07-26,29
2016-07-26,"4",111.460513968094,308.360553670685,0,323.576120695878,2016-06-28,2016-07-26,29
2016-07-26,"5",135.609164079983,33.4201075579297,1.488847181116,263.864325416877,2016-06-28,2016-07-26,29
2016-07-26,"6",478.348552660074,113.580993286653,0.597794701508699,268.928661661734,2016-06-28,2016-07-26,29
2016-08-30,"1",58.0650400635242,227.919945138237,0.60456218869559,224.67155128853,2016-07-26,2016-08-30,36
2016-08-30,"2",36.8976291881078,60.9769931216549,1.08279794990255,161.275020366914,2016-07-26,2016-08-30,36
2016-08-30,"3",6.00050530570996,0.38800259871508,2.24680574604779,107.33234678409,2016-07-26,2016-08-30,36
2016-08-30,"4",24.0561611203349,82.211434346351,0.974518154912293,183.389879448495,2016-07-26,2016-08-30,36
2016-08-30,"5",70.5623330686494,14.4463293149498,0.586515556197214,179.235544647369,2016-07-26,2016-08-30,36
2016-08-30,"6",144.382083303256,67.7290117664044,0.0180466324983758,124.693207247528,2016-07-26,2016-08-30,36
2016-09-13,"1",417.17046849058,811.895437811304,0.0225582906229698,150.508915036454,2016-08-30,2016-09-13,15
2016-09-13,"2",4.15072547462644,94.5643542914892,0,276.654876200101,2016-08-30,2016-09-13,15
2016-09-13,"3",19.2647801920162,19.2647801920162,0,193.098967732621,2016-08-30,2016-09-13,15
2016-09-13,"4",74.8258499963907,2.12047931855916,0.518840684328304,361.33869919873,2016-08-30,2016-09-13,15
2016-09-13,"5",127.296433985418,15.632895401718,2.21071248105104,393.619613080199,2016-08-30,2016-09-13,15
2016-09-13,"6",64.9678769941529,227.432686060781,0,306.364144950552,2016-08-30,2016-09-13,15
2016-10-13,"1",132.011116725619,32.1184941889843,0,647.022907192185,2016-09-13,2016-10-13,31
2016-10-13,"2",135.958817584639,2.91603503452922,0,599.124136769412,2016-09-13,2016-10-13,31
2016-10-13,"3",87.4178878221324,5.30570995452249,0,893.279434057605,2016-09-13,2016-10-13,31
2016-10-13,"4",199.543119420583,0.642159339733872,3.7266296109146,973.576722250295,2016-09-13,2016-10-13,31
2016-10-13,"5",400.623210375611,296.056510021897,7.5058952332828,1087.90213912751,2016-09-13,2016-10-13,31
2016-10-13,"6",270.675425298973,94.456074496499,0,902.211314035468,2016-09-13,2016-10-13,31
2016-11-07,"1",45.2627589691764,1.28852956038403,0,577.488630621526,2016-10-13,2016-11-07,26
2016-11-07,"2",119.024759979788,8.43860535624053,0,579.080343607883,2016-10-13,2016-11-07,26
2016-11-07,"3",14.6538655886812,2.13912750547415,1.11167256189995,849.368367862557,2016-10-13,2016-11-07,26
2016-11-07,"4",45.3764527539161,10.7756442647802,1.94542698332491,594.22688226377,2016-10-13,2016-11-07,26
2016-11-07,"5",139.477008590197,87.4684183931278,16.7635169277413,958.299646286003,2016-10-13,2016-11-07,26
2016-11-07,"6",161.178084169494,15.4623547246084,0,536.317043239732,2016-10-13,2016-11-07,26
2016-12-12,"1",122.06769565284,10.6611848653284,1.66521199871377,792.057130169813,2016-11-09,2016-12-12,34
2016-12-12,"2",110.159196819126,42.6319792161126,0.548690543637487,1070.03588180951,2016-11-09,2016-12-12,34
2016-12-12,"3",164.348768125928,23.6192138668137,0.669912873045769,767.107660740809,2016-11-09,2016-12-12,34
2016-12-12,"4",226.851639181099,25.4471189918385,12.2689757606382,876.628845299891,2016-11-09,2016-12-12,34
2016-12-12,"5",270.616090158788,32.040975699389,14.7285130231063,818.250723505903,2016-11-09,2016-12-12,34
2016-12-12,"6",311.650839365759,44.3252875311227,29.1418638409872,772.685948554305,2016-11-09,2016-12-12,34
